sex,V1,V2,group
M,ABEL,ADEM,
M,ADAM,ADEM,
M,ADRIAN,ADRIANO,
M,ADRIAN,ADRIEN,
M,ADRIANO,ADRIEN,
M,AHMAD,AHMED,
M,ADAM,AIDAN,
M,ADEM,AIDEN,
M,AIDAN,AIDEN,TRUE
M,ADAM,ALAN,
M,AIDAN,ALAN,
M,ALAIN,ALAN,
M,ABEL,ALEC,
M,ADEM,ALEC,
M,ALAN,ALEC,
M,ABEL,ALEK,
M,ADEM,ALEK,
M,ALAN,ALEK,
M,ALEC,ALEK,TRUE
M,ALEJANDRO,ALESSANDRO,
M,ABEL,ALEX,
M,ADEM,ALEX,
M,ALAN,ALEX,
M,ALEC,ALEX,
M,ALEK,ALEX,
M,ALEJANDRO,ALEXANDRE,
M,ALEXANDER,ALEXANDRE,
M,ALEC,ALEXI,
M,ALEK,ALEXI,
M,ALEX,ALEXI,
M,ALEX,ALEXIS,
M,ALEXI,ALEXIS,TRUE
M,ALEC,ALEXY,
M,ALEK,ALEXY,
M,ALEX,ALEXY,
M,ALEXI,ALEXY,TRUE
M,ALEXIS,ALEXY,TRUE
M,ALAIN,ALI,
M,ALAN,ALI,
M,ALEC,ALI,
M,ALEK,ALI,
M,ALEX,ALI,
M,ALEXI,ALI,
M,ALAIN,ALIX,
M,ALAN,ALIX,
M,ALEC,ALIX,
M,ALEK,ALIX,
M,ALEX,ALIX,
M,ALEXI,ALIX,
M,ALEXY,ALIX,
M,ALI,ALIX,
M,AIDAN,ALLAN,
M,ALAIN,ALLAN,
M,ALAN,ALLAN,TRUE
M,ALI,AMIR,
M,ALIX,AMIR,
M,AMINE,AMIR,
M,ADAM,ANAS,
M,ALAN,ANAS,
M,ANDRE,ANDREI,
M,ANDRE,ANDREW,
M,ANDREI,ANDREW,
M,ANAS,ANDY,
M,ANDRE,ANDY,
M,ALI,ANIS,
M,ALIX,ANIS,
M,AMIR,ANIS,
M,ANAS,ANIS,
M,ANDY,ANIS,
M,ANTOINE,ANTONIN,
M,ANTONIN,ANTONIO,
M,ANTHONY,ANTONY,TRUE
M,ANTOINE,ANTONY,
M,ANTONIN,ANTONY,
M,ANTONIO,ANTONY,
M,ABEL,ARIEL,
M,ADRIEN,ARIEL,
M,AUGUSTE,AUGUSTIN,
M,AUGUSTIN,AUSTIN,
M,ABEL,AXEL,
M,ADEM,AXEL,
M,ALEC,AXEL,
M,ALEK,AXEL,
M,ALEX,AXEL,
M,ARIEL,AXEL,
M,ADEM,AYDEN,
M,AIDAN,AYDEN,TRUE
M,AIDEN,AYDEN,TRUE
M,AHMAD,AYMAN,
M,AIDAN,AYMAN,
M,ALAN,AYMAN,
M,ALLAN,AYMAN,
M,AYDEN,AYMAN,
M,BILAL,BILLY,
M,BRANDON,BRENDAN,TRUE
M,BRANDON,BRENDON,TRUE
M,BRENDAN,BRENDON,TRUE
M,ADRIAN,BRIAN,
M,BRUCE,BRUNO,
M,BRIAN,BRYAN,TRUE
M,ALEC,CALEB,
M,ALEK,CALEB,
M,ALEX,CALEB,
M,CARL,CARLOS,
M,CEDRIC,CEDRICK,TRUE
M,CEDRIC,CEDRIK,TRUE
M,CEDRICK,CEDRIK,TRUE
M,AHMAD,CHAD,
M,CARLOS,CHARLES,
M,CHARBEL,CHARLES,
M,CHARLES,CHARLIE,
M,CARL,CHARLY,
M,CHARLES,CHARLY,
M,CHARLIE,CHARLY,TRUE
M,CHRISTOPHE,CHRISTOPHER,
M,ANDY,CODY,
M,CODY,COREY,
M,DAMIAN,DAMIEN,TRUE
M,ADAM,DAN,
M,AIDAN,DAN,
M,ALAN,DAN,
M,ARIEL,DANIEL,
M,DAMIEN,DANIEL,
M,DANICK,DANIEL,
M,ANDY,DANNY,
M,DAN,DANNY,
M,DAN,DANTE,
M,DANIEL,DANTE,
M,DANNY,DANTE,
M,ANDY,DANY,
M,DAN,DANY,
M,DANNY,DANY,TRUE
M,DANTE,DANY,
M,DAMIEN,DARREN,
M,DAN,DAVE,
M,DANTE,DAVE,
M,DANY,DAVE,
M,DAMIEN,DAVEN,
M,DAN,DAVEN,
M,DARREN,DAVEN,
M,DAVE,DAVEN,
M,DARIO,DAVID,
M,DAVE,DAVID,
M,DAVEN,DAVID,
M,ANIS,DENIS,
M,DERECK,DEREK,TRUE
M,CEDRICK,DERICK,
M,DANICK,DERICK,
M,DERECK,DERICK,
M,DEREK,DERICK,
M,DAVEN,DEVON,
M,DIMITRI,DIMITRIOS,
M,DOMINIC,DOMINICK,TRUE
M,DOMINIC,DOMINIK,TRUE
M,DOMINICK,DOMINIK,TRUE
M,ALAN,DYLAN,
M,ALLAN,DYLAN,
M,AYMAN,DYLAN,
M,DAN,DYLAN,
M,ANDY,EDDY,
M,CODY,EDDY,
M,ADEM,EDEN,
M,AIDEN,EDEN,
M,AYDEN,EDEN,
M,DAN,EDEN,
M,EDDY,EDEN,
M,EDGAR,EDWARD,
M,EDOUARD,EDWARD,TRUE
M,ALI,ELI,
M,ALIX,ELI,
M,ELI,ELIAM,
M,ELI,ELIAS,
M,ELIAM,ELIAS,
M,ALI,ELIE,
M,ALIX,ELIE,
M,ELI,ELIE,TRUE
M,ELIAM,ELIE,
M,ELIAS,ELIE,
M,ELIAM,ELIJAH,
M,ELIAS,ELIJAH,
M,ELI,ELIOT,
M,ELIAM,ELIOT,
M,ELIAS,ELIOT,
M,ELIE,ELIOT,
M,ELIOT,ELIOTT,TRUE
M,ELIOT,ELLIOT,TRUE
M,ELIOTT,ELLIOT,TRUE
M,ELIOT,ELLIOTT,TRUE
M,ELIOTT,ELLIOTT,TRUE
M,ELLIOT,ELLIOTT,TRUE
M,ALI,ELOI,
M,ELI,ELOI,
M,ELIE,ELOI,
M,ELIOT,ELOI,
M,ALI,ELY,
M,EDDY,ELY,
M,ELI,ELY,TRUE
M,ELIE,ELY,TRUE
M,ELOI,ELY,
M,DERICK,EMERICK,
M,EMERIC,EMERICK,TRUE
M,AMIR,EMIL,
M,ELI,EMIL,
M,ELIE,EMIL,
M,AMINE,EMILE,
M,ELIE,EMILE,
M,EMIL,EMILE,TRUE
M,EMILE,EMILIEN,
M,EMIL,EMILIO,
M,EMILE,EMILIO,
M,EMILIEN,EMILIO,
M,EMANUEL,EMMANUEL,TRUE
M,CEDRICK,EMRICK,
M,DERICK,EMRICK,
M,EMERIC,EMRICK,TRUE
M,EMERICK,EMRICK,TRUE
M,CEDRIK,EMRIK,
M,EMERIC,EMRIK,TRUE
M,EMERICK,EMRIK,TRUE
M,EMIL,EMRIK,
M,EMRICK,EMRIK,TRUE
M,CEDRICK,ENRICK,
M,DERICK,ENRICK,
M,EMERICK,ENRICK,
M,EMRICK,ENRICK,
M,EMRIK,ENRICK,
M,CEDRIC,ERIC,
M,DERICK,ERIC,
M,ELI,ERIC,
M,ELIE,ERIC,
M,EMERIC,ERIC,
M,EMIL,ERIC,
M,EMRICK,ERIC,
M,EMRIK,ERIC,
M,ENRICK,ERIC,
M,CEDRICK,ERICK,
M,DERECK,ERICK,
M,DERICK,ERICK,
M,EMERICK,ERICK,
M,EMRICK,ERICK,
M,EMRIK,ERICK,
M,ENRICK,ERICK,
M,ERIC,ERICK,TRUE
M,CEDRIK,ERIK,
M,DEREK,ERIK,
M,DERICK,ERIK,
M,ELI,ERIK,
M,ELIE,ERIK,
M,EMIL,ERIK,
M,EMRICK,ERIK,
M,EMRIK,ERIK,
M,ENRICK,ERIK,
M,ERIC,ERIK,TRUE
M,ERICK,ERIK,TRUE
M,ALAN,EVAN,
M,DAN,EVAN,
M,DEVON,EVAN,
M,EDEN,EVAN,
M,ETHAN,EVAN,
M,DAMIEN,FABIEN,
M,ALIX,FELIX,
M,ELI,FELIX,
M,ELIE,FELIX,
M,FRANCIS,FRANCOIS,
M,FREDERIC,FREDERICK,TRUE
M,FREDERIC,FREDERIK,TRUE
M,FREDERICK,FREDERIK,TRUE
M,ARIEL,GABRIEL,
M,GABRIEL,GABRYEL,TRUE
M,ABEL,GAEL,
M,AXEL,GAEL,
M,CARL,GAEL,
M,GEORGE,GEORGES,TRUE
M,GREGOIRE,GREGORY,
M,ELY,GUY,
M,ALI,HADI,
M,CHAD,HADI,
M,CHARLY,HARRY,
M,AIDEN,HAYDEN,TRUE
M,AYDEN,HAYDEN,TRUE
M,HARRY,HENRY,
M,HENRI,HENRY,TRUE
M,ALBERT,HUBERT,
M,AIDAN,IAN,
M,ALAN,IAN,
M,BRIAN,IAN,
M,DAN,IAN,
M,DANY,IAN,
M,EVAN,IAN,
M,ABRAHAM,IBRAHIM,
M,ELIAS,ILYAS,
M,GILLES,ILYES,
M,ILYAS,ILYES,
M,ISAAC,ISAAK,TRUE
M,ISAAC,ISAIAH,
M,ISAAK,ISAIAH,
M,ISMAEL,ISMAIL,
M,ISMAEL,ISRAEL,
M,ISMAIL,ISRAEL,
M,AIDAN,IVAN,
M,ALAN,IVAN,
M,DAN,IVAN,
M,EVAN,IVAN,
M,IAN,IVAN,
M,JACK,JACOB,
M,CHAD,JAD,
M,DAN,JAD,
M,HADI,JAD,
M,IAN,JAD,
M,JACK,JAD,
M,BLAKE,JAKE,
M,DAVE,JAKE,
M,JACK,JAKE,
M,JAD,JAKE,
M,JACOB,JAKOB,TRUE
M,JAKE,JAKOB,
M,JAKE,JAMES,
M,AMINE,JAMIE,
M,AMIR,JAMIE,
M,DAMIEN,JAMIE,
M,JAKE,JAMIE,
M,JAMES,JAMIE,
M,JAMIE,JASMIN,
M,AARON,JASON,
M,JACKSON,JASON,
M,JACOB,JASON,
M,JAKOB,JASON,
M,JASMIN,JASON,
M,AARON,JAXON,
M,JACOB,JAXON,
M,JAKOB,JAXON,
M,JASON,JAXON,
M,JACKSON,JAXSON,TRUE
M,JASON,JAXSON,
M,JAXON,JAXSON,TRUE
M,JACK,JAYCE,
M,JAKE,JAYCE,
M,JAMIE,JAYCE,
M,AIDEN,JAYDEN,
M,AYDEN,JAYDEN,
M,HAYDEN,JAYDEN,
M,JAYCE,JAYDEN,
M,JACK,JAYKE,
M,JAKE,JAYKE,TRUE
M,JAMIE,JAYKE,
M,JAYCE,JAYKE,
M,JAYDEN,JAYKE,
M,JACKSON,JAYSON,
M,JASON,JAYSON,TRUE
M,JAXON,JAYSON,
M,JAXSON,JAYSON,
M,JAYDEN,JAYSON,
M,ALAN,JEAN,
M,DAN,JEAN,
M,EVAN,JEAN,
M,IAN,JEAN,
M,IVAN,JEAN,
M,JAD,JEAN,
M,JEAN PHILIP,JEAN PHILIPPE,TRUE
M,JEAN,JEFF,
M,JEREMI,JEREMIE,TRUE
M,JEREMI,JEREMY,TRUE
M,JEREMIE,JEREMY,TRUE
M,JEREMI,JEROME,
M,JEREMIE,JEROME,
M,JEREMY,JEROME,
M,HARRY,JERRY,
M,HENRY,JERRY,
M,JEREMY,JERRY,
M,JESSE,JESSIE,TRUE
M,JERRY,JESSY,
M,JESSE,JESSY,TRUE
M,JESSIE,JESSY,TRUE
M,JAD,JOE,
M,JAKE,JOE,
M,ABEL,JOEL,
M,AXEL,JOEL,
M,GAEL,JOEL,
M,JOE,JOEL,
M,CODY,JOEY,
M,COREY,JOEY,
M,JOE,JOEY,TRUE
M,JOEL,JOEY,
M,JEAN,JOHN,
M,JOE,JOHN,
M,JOEL,JOHN,
M,JOEY,JOHN,
M,JOHN,JOHNNY,
M,JOE,JOSH,
M,JOEL,JOSH,
M,JOEY,JOSH,
M,JOHN,JOSH,
M,JONAH,JOSH,
M,JOSEPH,JOSH,
M,JOSH,JOSHUA,
M,JESSE,JOSUE,
M,JOE,JOSUE,
M,JOSH,JOSUE,
M,JOSHUA,JOSUE,
M,JAMES,JULES,
M,JULES,JULIEN,
M,JULIAN,JULIEN,
M,AUSTIN,JUSTIN,
M,JASMIN,JUSTIN,
M,ALEC,KALEB,
M,ALEK,KALEB,
M,ALEX,KALEB,
M,CALEB,KALEB,TRUE
M,DARIO,KARIM,
M,CARL,KARL,TRUE
M,GAEL,KARL,
M,KARIM,KARL,
M,DAVE,KAVEN,
M,DAVEN,KAVEN,
M,KALEB,KAVEN,
M,AIDEN,KAYDEN,
M,AYDEN,KAYDEN,
M,HAYDEN,KAYDEN,
M,JAYDEN,KAYDEN,
M,KAVEN,KAYDEN,
M,DANNY,KENNY,
M,HENRY,KENNY,
M,DAVEN,KEVEN,
M,DEVON,KEVEN,
M,EDEN,KEVEN,
M,EVAN,KEVEN,
M,KAVEN,KEVEN,TRUE
M,DEVON,KEVIN,
M,EVAN,KEVIN,
M,KAVEN,KEVIN,TRUE
M,KEVEN,KEVIN,TRUE
M,KARIM,KIM,
M,CHRISTOPHER,KRISTOPHER,TRUE
M,KALEB,KYLE,
M,ALBERT,LAMBERT,
M,LAURENCE,LAURENT,
M,ALEXANDRE,LEANDRE,
M,ANDRE,LEANDRE,
M,ALEC,LEO,
M,ALEK,LEO,
M,ALEX,LEO,
M,DEVON,LEON,
M,JEAN,LEON,
M,LEO,LEON,
M,BERNARD,LEONARD,
M,LEONARD,LEONARDO,
M,ALEXI,LEVI,
M,ELI,LEVI,
M,KEVIN,LEVI,
M,LEO,LEVI,
M,LEON,LEVI,
M,ADAM,LIAM,
M,ELIAM,LIAM,
M,ELIAS,LIAM,
M,IAN,LIAM,
M,KIM,LIAM,
M,ALAN,LOAN,
M,ALLAN,LOAN,
M,DAN,LOAN,
M,EVAN,LOAN,
M,IAN,LOAN,
M,IVAN,LOAN,
M,JEAN,LOAN,
M,JOHN,LOAN,
M,LEON,LOAN,
M,LIAM,LOAN,
M,LOAN,LOGAN,
M,ETHAN,LOHAN,
M,JOHN,LOHAN,
M,LOAN,LOHAN,TRUE
M,LOGAN,LOHAN,
M,ELOI,LOIC,
M,ERIC,LOIC,
M,LOAN,LOIC,
M,ERICK,LOICK,
M,LOIC,LOICK,TRUE
M,ELOI,LOIK,
M,ERIK,LOIK,
M,LOAN,LOIK,
M,LOIC,LOIK,TRUE
M,LOICK,LOIK,TRUE
M,ELOI,LOU,
M,JOE,LOU,
M,LEO,LOU,
M,LEON,LOU,
M,LOAN,LOU,
M,LOIC,LOU,
M,LOIK,LOU,
M,CLOVIS,LOUIS,
M,LOIC,LOUIS,
M,LOIK,LOUIS,
M,LOU,LOUIS,
M,LOUCAS,LOUIS,
M,LOIK,LOUKA,
M,LOU,LOUKA,
M,LOUCAS,LOUKA,TRUE
M,LOUIS,LOUKA,
M,ALEC,LUC,
M,GUY,LUC,
M,LEO,LUC,
M,LOIC,LUC,
M,LOU,LUC,
M,LOUCAS,LUCA,
M,LOUKA,LUCA,
M,LUC,LUCA,
M,LOUCAS,LUCAS,
M,LUC,LUCAS,
M,LUCA,LUCAS,TRUE
M,LUDOVIC,LUDOVICK,TRUE
M,LUDOVIC,LUDOVIK,TRUE
M,LUDOVICK,LUDOVIK,TRUE
M,LOUKA,LUKA,
M,LUC,LUKA,
M,LUCA,LUKA,TRUE
M,LUCAS,LUKA,TRUE
M,LOUCAS,LUKAS,
M,LOUKA,LUKAS,
M,LUCA,LUKAS,TRUE
M,LUCAS,LUKAS,TRUE
M,LUKA,LUKAS,TRUE
M,BLAKE,LUKE,
M,JAKE,LUKE,
M,LOUKA,LUKE,
M,LUC,LUKE,TRUE
M,LUCA,LUKE,
M,LUKA,LUKE,
M,LUKAS,LUKE,
M,ADAM,LYAM,
M,ELIAM,LYAM,
M,ILYAS,LYAM,
M,LIAM,LYAM,TRUE
M,LOAN,LYAM,
M,ABEL,MAEL,
M,AXEL,MAEL,
M,CARL,MAEL,
M,GAEL,MAEL,
M,ISMAEL,MAEL,
M,JOEL,MAEL,
M,KARL,MAEL,
M,HADI,MAHDI,
M,MALCOLM,MALCOM,TRUE
M,ALEC,MALEK,
M,ALEK,MALEK,
M,ALEX,MALEK,
M,CALEB,MALEK,
M,KALEB,MALEK,
M,MAEL,MALEK,
M,ALEK,MALIK,
M,ALI,MALIK,
M,ALIX,MALIK,
M,MALEK,MALIK,
M,DANIEL,MANUEL,
M,EMANUEL,MANUEL,
M,EMMANUEL,MANUEL,
M,MAEL,MANUEL,
M,CARL,MARC,
M,KARL,MARC,
M,MAEL,MARC,
M,ARIEL,MARCEL,
M,MAEL,MARCEL,
M,MANUEL,MARCEL,
M,MARC,MARCEL,
M,DARIO,MARCO,
M,MALCOM,MARCO,
M,MARC,MARCO,
M,MARCEL,MARCO,
M,MARC,MARCUS,
M,MARCEL,MARCUS,
M,MARCO,MARCUS,
M,ALEK,MAREK,
M,DEREK,MAREK,
M,MAEL,MAREK,
M,MALEK,MAREK,
M,MALIK,MAREK,
M,MARC,MAREK,
M,MARCEL,MAREK,
M,MARCO,MAREK,
M,DARIO,MARIO,
M,KARIM,MARIO,
M,MALIK,MARIO,
M,MARC,MARIO,
M,MARCO,MARIO,
M,MAREK,MARIO,
M,MARCUS,MARIUS,
M,MARIO,MARIUS,
M,CARL,MARK,
M,JACK,MARK,
M,KARL,MARK,
M,MAEL,MARK,
M,MALEK,MARK,
M,MALIK,MARK,
M,MARC,MARK,TRUE
M,MARCO,MARK,
M,MAREK,MARK,
M,MARIO,MARK,
M,MARIO,MARTIN,
M,AARON,MASON,
M,JASON,MASON,
M,JAXON,MASON,
M,JAXSON,MASON,
M,JAYSON,MASON,
M,MAEL,MATEO,
M,MALEK,MATEO,
M,MARCO,MATEO,
M,MAREK,MATEO,
M,MARIO,MATEO,
M,MATEO,MATHEO,TRUE
M,MATEO,MATHEW,
M,MATHEO,MATHEW,
M,MATHEO,MATHIEU,
M,MATHEW,MATHIEU,
M,MATHIAS,MATHIEU,
M,MATHEO,MATHIS,
M,MATHEW,MATHIS,
M,MATHIAS,MATHIS,
M,MATHIEU,MATHIS,
M,MATHEO,MATHYS,
M,MATHEW,MATHYS,
M,MATHIAS,MATHYS,
M,MATHIS,MATHYS,TRUE
M,MARIUS,MATIAS,
M,MATHIAS,MATIAS,TRUE
M,MATHIS,MATIAS,
M,MATHYS,MATIAS,
M,ANIS,MATIS,
M,MALIK,MATIS,
M,MARIO,MATIS,
M,MARIUS,MATIS,
M,MARTIN,MATIS,
M,MATEO,MATIS,
M,MATHIAS,MATIS,
M,MATHIS,MATIS,TRUE
M,MATHYS,MATIS,TRUE
M,MATIAS,MATIS,
M,MAEL,MATT,
M,MARC,MATT,
M,MARK,MATT,
M,MATEO,MATT,
M,MATIS,MATT,
M,MATEO,MATTEO,TRUE
M,MATHEO,MATTEO,TRUE
M,MATHEW,MATTEO,
M,MATT,MATTEO,
M,MATHEO,MATTHEW,
M,MATHEW,MATTHEW,TRUE
M,MATTEO,MATTHEW,
M,MATHIEU,MATTHIEU,TRUE
M,MATTHEW,MATTHIEU,
M,MAVERICK,MAVRICK,TRUE
M,DAN,MAX,
M,IAN,MAX,
M,JAD,MAX,
M,MAEL,MAX,
M,MARC,MAX,
M,MARK,MAX,
M,MATT,MAX,
M,KARIM,MAXIM,
M,MALIK,MAXIM,
M,MARIO,MAXIM,
M,MATIS,MAXIM,
M,MAX,MAXIM,
M,MAXIM,MAXIME,TRUE
M,MAX,MAXYM,
M,MAXIM,MAXYM,TRUE
M,MAXIME,MAXYM,TRUE
M,JASON,MAYSON,
M,JAXSON,MAYSON,
M,JAYSON,MAYSON,
M,MASON,MAYSON,TRUE
M,CEDRIC,MEDERIC,
M,EMERIC,MEDERIC,
M,FREDERIC,MEDERIC,
M,CEDRICK,MEDERICK,
M,DERICK,MEDERICK,
M,EMERICK,MEDERICK,
M,FREDERICK,MEDERICK,
M,MAVERICK,MEDERICK,
M,MEDERIC,MEDERICK,TRUE
M,MAHDI,MEHDI,
M,MICHAEL,MICHEL,
M,MICHAEL,MICKAEL,TRUE
M,MICHEL,MICKAEL,
M,MANUEL,MIGUEL,
M,MICHEL,MIGUEL,
M,LUKA,MIKA,
M,MAEL,MIKAEL,
M,MICHAEL,MIKAEL,TRUE
M,MICHEL,MIKAEL,
M,MICKAEL,MIKAEL,TRUE
M,MIGUEL,MIKAEL,
M,MIKA,MIKAEL,
M,AMINE,MIKE,
M,EMILE,MIKE,
M,JAKE,MIKE,
M,LUKE,MIKE,
M,MIKA,MIKE,
M,MIKAEL,MIKE,
M,AIDAN,MILAN,
M,ALAN,MILAN,
M,ALLAN,MILAN,
M,BILAL,MILAN,
M,DYLAN,MILAN,
M,IAN,MILAN,
M,IVAN,MILAN,
M,MIKA,MILAN,
M,EMIL,MILO,
M,EMILE,MILO,
M,EMILIO,MILO,
M,MIKA,MILO,
M,MIKE,MILO,
M,MILAN,MILO,
M,MICHEL,MITCHELL,
M,MOHAMAD,MOHAMED,TRUE
M,MOHAMAD,MOHAMMAD,TRUE
M,MOHAMED,MOHAMMAD,TRUE
M,MOHAMAD,MOHAMMED,TRUE
M,MOHAMED,MOHAMMED,TRUE
M,MOHAMMAD,MOHAMMED,TRUE
M,JORDAN,MORGAN,
M,LOGAN,MORGAN,
M,JOSH,MOSHE,
M,JOSUE,MOSHE,
M,MOHAMAD,MUHAMMAD,TRUE
M,MOHAMMAD,MUHAMMAD,TRUE
M,MOHAMMED,MUHAMMAD,TRUE
M,ALAN,MYLAN,
M,ALLAN,MYLAN,
M,AYMAN,MYLAN,
M,DYLAN,MYLAN,
M,MILAN,MYLAN,
M,ABEL,NABIL,
M,MASSIMO,NASSIM,
M,ETHAN,NATHAN,
M,JONATHAN,NATHAN,
M,NATHANAEL,NATHANIEL,
M,DANICK,NICK,
M,ENRICK,NICK,
M,ERICK,NICK,
M,JACK,NICK,
M,LOICK,NICK,
M,NICHOLAS,NICOLA,TRUE
M,NICHOLAS,NICOLAS,TRUE
M,NICOLA,NICOLAS,TRUE
M,NICOLA,NIKOLA,TRUE
M,NICOLAS,NIKOLA,TRUE
M,NICHOLAS,NIKOLAS,TRUE
M,NICOLA,NIKOLAS,TRUE
M,NICOLAS,NIKOLAS,TRUE
M,NIKOLA,NIKOLAS,TRUE
M,JOE,NOA,
M,LOAN,NOA,
M,LOU,NOA,
M,JONAH,NOAH,
M,JOSH,NOAH,
M,LOAN,NOAH,
M,NOA,NOAH,TRUE
M,ADAM,NOAM,
M,LIAM,NOAM,
M,LOAN,NOAM,
M,LYAM,NOAM,
M,NOA,NOAM,
M,NOAH,NOAM,
M,JOE,NOE,
M,JOEL,NOE,
M,JOEY,NOE,
M,LOU,NOE,
M,NOA,NOE,
M,NOAH,NOE,
M,NOAM,NOE,
M,ALAN,NOLAN,
M,ALLAN,NOLAN,
M,COLIN,NOLAN,
M,DYLAN,NOLAN,
M,LOAN,NOLAN,
M,LOGAN,NOLAN,
M,LOHAN,NOLAN,
M,MILAN,NOLAN,
M,MYLAN,NOLAN,
M,NOA,NOLAN,
M,NOAH,NOLAN,
M,NOAM,NOLAN,
M,OLIVER,OLIVIER,
M,AMIR,OMAR,
M,MARC,OMAR,
M,MARK,OMAR,
M,MAX,OMAR,
M,OMAR,OSCAR,
M,EDEN,OWEN,
M,FABRICE,PATRICE,
M,MAVRICK,PATRICK,
M,PATRICE,PATRICK,
M,CARL,PAUL,
M,GAEL,PAUL,
M,KARL,PAUL,
M,MAEL,PAUL,
M,PHILIP,PHILIPPE,TRUE
M,PHILIP,PHILLIP,TRUE
M,PIER LUC,PIERRE LUC,TRUE
M,PIER OLIVIER,PIERRE OLIVIER,TRUE
M,OLIVIER,P OLIVIER,
M,MICHEL,RACHEL,
M,RACHEL,RAFAEL,
M,ALI,RAMI,
M,AMIR,RAMI,
M,HADI,RAMI,
M,JAMIE,RAMI,
M,ANDY,RANDY,
M,DANNY,RANDY,
M,DANY,RANDY,
M,RACHEL,RAPHAEL,
M,RAFAEL,RAPHAEL,TRUE
M,ALAN,RAYAN,
M,AYMAN,RAYAN,
M,BRYAN,RAYAN,
M,RAYAN,RAYANE,TRUE
M,DENIS,REGIS,
M,ELI,REMI,
M,EMIL,REMI,
M,JEREMI,REMI,
M,LEVI,REMI,
M,RAMI,REMI,
M,REDA,REMI,
M,REGIS,REMI,
M,ELY,REMY,
M,JEREMY,REMY,
M,RAMI,REMY,
M,REDA,REMY,
M,REMI,REMY,TRUE
M,ARNAUD,RENAUD,
M,REDA,RENE,
M,REMI,RENE,
M,REMY,RENE,
M,RICARDO,RICHARD,
M,ERICK,RICKY,
M,NICK,RICKY,
M,BILLY,RILEY,
M,RICKY,RILEY,
M,ALBERT,ROBERT,
M,HUBERT,ROBERT,
M,ROBERT,ROBERTO,
M,COLIN,ROBIN,
M,ERICK,ROCK,
M,JACK,ROCK,
M,LOICK,ROCK,
M,LOIK,ROCK,
M,NICK,ROCK,
M,RICKY,ROCK,
M,ROBERT,ROGER,
M,ROBIN,ROMAIN,
M,AYMAN,ROMAN,
M,LOAN,ROMAN,
M,LOGAN,ROMAN,
M,LOHAN,ROMAN,
M,NOLAN,ROMAN,
M,OMAR,ROMAN,
M,RAYAN,ROMAN,
M,ROBIN,ROMAN,
M,ROMAIN,ROMAN,
M,ROGER,ROMEO,
M,ROMAN,ROMEO,
M,ALAN,RYAN,
M,AYMAN,RYAN,
M,BRIAN,RYAN,
M,BRYAN,RYAN,
M,DAN,RYAN,
M,DYLAN,RYAN,
M,EVAN,RYAN,
M,IAN,RYAN,
M,IVAN,RYAN,
M,JEAN,RYAN,
M,LOAN,RYAN,
M,LYAM,RYAN,
M,MYLAN,RYAN,
M,RAYAN,RYAN,TRUE
M,RAYANE,RYAN,TRUE
M,ROMAN,RYAN,
M,CHAD,SAAD,
M,ISAAC,SAAD,
M,ISAAK,SAAD,
M,JAD,SAAD,
M,ALI,SALIM,
M,ALIX,SALIM,
M,KARIM,SALIM,
M,MALIK,SALIM,
M,MAXIM,SALIM,
M,ADAM,SAM,
M,DAN,SAM,
M,IAN,SAM,
M,JAD,SAM,
M,KIM,SAM,
M,LIAM,SAM,
M,LYAM,SAM,
M,MAX,SAM,
M,NOAM,SAM,
M,RAMI,SAM,
M,SAAD,SAM,
M,SALIM,SAM,
M,ALI,SAMI,
M,AMIR,SAMI,
M,HADI,SAMI,
M,JAMIE,SAMI,
M,RAMI,SAMI,
M,REMI,SAMI,
M,SAAD,SAMI,
M,SALIM,SAMI,
M,SAM,SAMI,
M,AMIR,SAMIR,
M,JAMIE,SAMIR,
M,RAMI,SAMIR,
M,SALIM,SAMIR,
M,SAM,SAMIR,
M,SAMI,SAMIR,
M,JIMMY,SAMMY,
M,SAM,SAMMY,
M,SAMI,SAMMY,TRUE
M,SAMIR,SAMMY,
M,MANUEL,SAMUEL,
M,DANY,SAMY,
M,RAMI,SAMY,
M,REMY,SAMY,
M,SAAD,SAMY,
M,SAM,SAMY,
M,SAMI,SAMY,TRUE
M,SAMIR,SAMY,
M,SAMMY,SAMY,TRUE
M,SACHA,SASHA,TRUE
M,ALAN,SEAN,
M,DAN,SEAN,
M,EVAN,SEAN,
M,IAN,SEAN,
M,IVAN,SEAN,
M,JEAN,SEAN,
M,LEON,SEAN,
M,LOAN,SEAN,
M,RYAN,SEAN,
M,SAAD,SEAN,
M,SAM,SEAN,
M,BASTIEN,SEBASTIEN,
M,SEBASTIAN,SEBASTIEN,
M,GEORGE,SERGE,
M,SEAN,SHANE,TRUE
M,SEAN,SHAUN,TRUE
M,SHANE,SHAUN,TRUE
M,SEAN,SHAWN,TRUE
M,SHANE,SHAWN,TRUE
M,SHAUN,SHAWN,TRUE
M,SHANE,SHAYNE,TRUE
M,SHAUN,SHAYNE,TRUE
M,SHAWN,SHAYNE,TRUE
M,DANNY,SONNY,
M,JOHNNY,SONNY,
M,KENNY,SONNY,
M,STEEVE,STEEVEN,
M,ESTEBAN,STEFAN,
M,SEAN,STEFAN,
M,STEFAN,STEPHAN,TRUE
M,STEPHAN,STEPHANE,TRUE
M,STEEVEN,STEPHEN,TRUE
M,STEPHAN,STEPHEN,
M,STEPHANE,STEPHEN,
M,STEEVE,STEVE,TRUE
M,STEEVEN,STEVE,
M,KEVEN,STEVEN,
M,STEEVE,STEVEN,
M,STEEVEN,STEVEN,TRUE
M,STEFAN,STEVEN,
M,STEPHEN,STEVEN,TRUE
M,STEVE,STEVEN,
M,DANNY,SUNNY,
M,KENNY,SUNNY,
M,SONNY,SUNNY,TRUE
M,SACHA,TAHA,
M,SASHA,TAHA,
M,LEO,THEO,
M,MATHEO,THEO,
M,TIMOTHE,TIMOTHEE,TRUE
M,TIMOTHE,TIMOTHY,TRUE
M,TIMOTHEE,TIMOTHY,TRUE
M,JOE,TOM,
M,KIM,TOM,
M,LOU,TOM,
M,NOA,TOM,
M,NOAM,TOM,
M,NOE,TOM,
M,SAM,TOM,
M,OMAR,TOMAS,
M,ROMAN,TOMAS,
M,THOMAS,TOMAS,TRUE
M,TOM,TOMAS,
M,JIMMY,TOMMY,
M,SAMMY,TOMMY,
M,TOM,TOMMY,
M,TOMAS,TOMMY,
M,CODY,TOMY,
M,JOEY,TOMY,
M,REMY,TOMY,
M,SAMY,TOMY,
M,TOM,TOMY,
M,TOMAS,TOMY,
M,TOMMY,TOMY,TRUE
M,ANTONY,TONY,
M,CODY,TONY,
M,DANY,TONY,
M,JOEY,TONY,
M,SONNY,TONY,
M,TOM,TONY,
M,TOMMY,TONY,
M,TOMY,TONY,
M,TRISTAN,TRYSTAN,TRUE
M,KYLE,TYLER,
M,JASON,TYSON,
M,JAYSON,TYSON,
M,MASON,TYSON,
M,MAYSON,TYSON,
M,HUGO,UGO,TRUE
M,LEO,UGO,
M,HECTOR,VICTOR,
M,VICTOR,VIKTOR,TRUE
M,ALI,WALID,
M,ALIX,WALID,
M,DAVID,WALID,
M,MALIK,WALID,
M,SALIM,WALID,
M,MASSIMO,WASSIM,
M,NASSIM,WASSIM,
M,WILLIAM,WILLYAM,TRUE
M,AMINE,YACINE,
M,TAHA,YAHYA,
M,ALAN,YAN,
M,AYMAN,YAN,
M,BRYAN,YAN,
M,DAN,YAN,
M,DANY,YAN,
M,DYLAN,YAN,
M,EVAN,YAN,
M,IAN,YAN,TRUE
M,IVAN,YAN,
M,JAD,YAN,
M,JEAN,YAN,
M,LOAN,YAN,
M,LYAM,YAN,
M,MAX,YAN,
M,MYLAN,YAN,
M,RAYAN,YAN,
M,RYAN,YAN,
M,SAM,YAN,
M,SEAN,YAN,
M,DANICK,YANICK,
M,NICK,YANICK,
M,ANAS,YANIS,
M,ANIS,YANIS,
M,DENIS,YANIS,
M,MATIS,YANIS,
M,YAN,YANIS,
M,YANICK,YANIS,
M,DAN,YANN,
M,DANNY,YANN,
M,DANY,YANN,
M,IAN,YANN,TRUE
M,RYAN,YANN,
M,YAN,YANN,TRUE
M,YANIS,YANN,
M,DANICK,YANNICK,
M,YANICK,YANNICK,TRUE
M,YACINE,YASSINE,TRUE
M,ALAN,YOAN,
M,AYMAN,YOAN,
M,DAN,YOAN,
M,DYLAN,YOAN,
M,EVAN,YOAN,
M,IAN,YOAN,
M,IVAN,YOAN,
M,JEAN,YOAN,
M,JOHN,YOAN,
M,LOAN,YOAN,
M,LOGAN,YOAN,
M,LOHAN,YOAN,
M,MYLAN,YOAN,
M,NOA,YOAN,
M,NOAH,YOAN,
M,NOAM,YOAN,
M,NOLAN,YOAN,
M,ROMAN,YOAN,
M,RYAN,YOAN,
M,SEAN,YOAN,
M,YAN,YOAN,
M,YANN,YOAN,
M,LOAN,YOANN,
M,YAN,YOANN,
M,YANN,YOANN,
M,YOAN,YOANN,TRUE
M,ETHAN,YOHAN,
M,JOHN,YOHAN,
M,LOAN,YOHAN,
M,LOGAN,YOHAN,
M,LOHAN,YOHAN,
M,NOLAN,YOHAN,
M,ROMAN,YOHAN,
M,YAN,YOHAN,
M,YOAN,YOHAN,TRUE
M,YOANN,YOHAN,TRUE
M,LOHAN,YOHANN,
M,YANN,YOHANN,
M,YOAN,YOHANN,TRUE
M,YOANN,YOHANN,TRUE
M,YOHAN,YOHANN,TRUE
M,YOUCEF,YOUNES,
M,YOUCEF,YOUSSEF,TRUE
M,DAN,ZAC,
M,IAN,ZAC,
M,JACK,ZAC,
M,JAD,ZAC,
M,LUC,ZAC,
M,MARC,ZAC,
M,MAX,ZAC,
M,SAM,ZAC,
M,YAN,ZAC,
M,JACK,ZACH,
M,SACHA,ZACH,
M,ZAC,ZACH,TRUE
M,ZACHARIE,ZACHARY,TRUE
M,JACK,ZACK,
M,MARK,ZACK,
M,NICK,ZACK,
M,ROCK,ZACK,
M,ZAC,ZACK,TRUE
M,ZACH,ZACK,TRUE
M,ZACHARY,ZACKARY,TRUE
M,DAN,ZAK,
M,IAN,ZAK,
M,JACK,ZAK,
M,JAD,ZAK,
M,JAKE,ZAK,
M,MARK,ZAK,
M,MAX,ZAK,
M,SAM,ZAK,
M,YAN,ZAK,
M,ZAC,ZAK,TRUE
M,ZACH,ZAK,TRUE
M,ZACK,ZAK,TRUE
M,ZACHARY,ZAKARY,TRUE
M,ZACKARY,ZAKARY,TRUE
M,ZAKARIA,ZAKARY,
M,CHAD,ZIAD,
M,IAN,ZIAD,
M,JAD,ZIAD,
M,LIAM,ZIAD,
M,SAAD,ZIAD,
M,ZAC,ZIAD,
M,ZAK,ZIAD,
F,ABIGAEL,ABIGAELLE,TRUE
F,ABIGAEL,ABIGAIL,TRUE
F,ABIGAEL,ABYGAEL,TRUE
F,ABIGAIL,ABYGAEL,TRUE
F,ABIGAELLE,ABYGAELLE,TRUE
F,ABYGAEL,ABYGAELLE,TRUE
F,ADELE,ADELIE,
F,AICHA,AISHA,
F,ALEX,ALEXA,
F,ALESSANDRA,ALEXANDRA,
F,ALEXA,ALEXANE,
F,ALEXANE,ALEXANNE,TRUE
F,ADELE,ALEXE,
F,ALEX,ALEXE,TRUE
F,ALEXA,ALEXE,
F,ALEXANE,ALEXE,
F,ALESSIA,ALEXIA,
F,ALEX,ALEXIA,
F,ALEXA,ALEXIA,
F,ALEXE,ALEXIA,
F,ADELIE,ALEXIE,
F,ALEX,ALEXIE,
F,ALEXA,ALEXIE,
F,ALEXANE,ALEXIE,
F,ALEXE,ALEXIE,
F,ALEXIA,ALEXIE,
F,ALEX,ALEXIS,
F,ALEXA,ALEXIS,
F,ALEXE,ALEXIS,
F,ALEXIA,ALEXIS,
F,ALEXIE,ALEXIS,TRUE
F,ALEX,ALIA,
F,ALEXA,ALIA,
F,ALEXIA,ALIA,
F,ALEXE,ALICE,
F,ALIA,ALICE,
F,AICHA,ALICIA,
F,ALEXIA,ALICIA,
F,ALIA,ALICIA,
F,ALICE,ALICIA,
F,ALEXA,ALINA,
F,ALIA,ALINA,
F,ALICE,ALINA,
F,ALICIA,ALINA,
F,ALEXE,ALINE,
F,ALIA,ALINE,
F,ALICE,ALINE,
F,ALINA,ALINE,
F,AISHA,ALISSA,
F,ALESSIA,ALISSA,
F,ALIA,ALISSA,
F,ALICIA,ALISSA,
F,ALINA,ALISSA,
F,ALISON,ALISSA,
F,ALEX,ALIX,
F,ALEXA,ALIX,
F,ALEXE,ALIX,
F,ALIA,ALIX,
F,ALICE,ALIX,
F,ALINA,ALIX,
F,ALINE,ALIX,
F,AALIYAH,ALIYAH,TRUE
F,ALIA,ALIYAH,TRUE
F,ALINA,ALIYAH,
F,ALICE,ALIZEE,
F,ALINE,ALIZEE,
F,ALISON,ALLISON,TRUE
F,ALISON,ALLYSON,TRUE
F,ALLISON,ALLYSON,TRUE
F,ALEXIA,ALYCIA,
F,ALIA,ALYCIA,
F,ALICIA,ALYCIA,TRUE
F,ALISON,ALYSON,TRUE
F,ALLISON,ALYSON,TRUE
F,ALLYSON,ALYSON,TRUE
F,ALESSIA,ALYSSA,
F,ALISSA,ALYSSA,TRUE
F,ALYCIA,ALYSSA,
F,ALYSON,ALYSSA,
F,ALESSIA,ALYSSIA,
F,ALISSA,ALYSSIA,
F,ALYCIA,ALYSSIA,TRUE
F,ALYSSA,ALYSSIA,
F,ALISON,ALYSSON,TRUE
F,ALLISON,ALYSSON,TRUE
F,ALLYSON,ALYSSON,TRUE
F,ALYSON,ALYSSON,TRUE
F,ALYSSA,ALYSSON,
F,ALYSSIA,ALYSSON,
F,ADELIE,AMELIA,
F,ALEXIA,AMELIA,
F,ALIA,AMELIA,
F,ADELE,AMELIE,
F,ADELIE,AMELIE,
F,ALEXIE,AMELIE,
F,AMELIA,AMELIE,
F,ADELE,AMELY,
F,AMELIA,AMELY,
F,AMELIE,AMELY,TRUE
F,AMELIA,AMELYA,TRUE
F,AMELIE,AMELYA,
F,AMELY,AMELYA,
F,ALIA,AMINA,
F,ALINA,AMINA,
F,ALINE,AMINA,
F,AMANDA,AMINA,
F,ALIA,AMIRA,
F,ALINA,AMIRA,
F,AMINA,AMIRA,
F,ABBY,AMY,
F,AMELY,AMY,
F,ALIA,ANA,
F,ALINA,ANA,
F,AMINA,ANA,
F,AMY,ANA,
F,ANABEL,ANABELLE,TRUE
F,ANABELLE,ANAELLE,
F,ANAELLE,ANAEVE,
F,ANA,ANAIS,
F,ANDREA,ANDREANE,
F,ANDREANE,ANDREANNE,TRUE
F,ANDREA,ANDREE,
F,ANDREANE,ANDREE,
F,ANDREANNE,ANDREE ANNE,TRUE
F,ANDREE ANN,ANDREE ANNE,TRUE
F,ANGELA,ANGELICA,
F,ADELIE,ANGELIE,
F,AMELIE,ANGELIE,
F,ANAELLE,ANGELIE,
F,ANGELA,ANGELIE,
F,ANGELICA,ANGELIE,
F,ANGELA,ANGELINA,
F,ANGELICA,ANGELINA,
F,ANGELIE,ANGELINA,
F,ANGELIE,ANGELIQUE,
F,ANAIS,ANGIE,
F,ANGELIE,ANGIE,
F,ALICE,ANICK,
F,ALIA,ANIK,
F,ALIX,ANIK,
F,ANA,ANIK,
F,ANAIS,ANIK,
F,ANGIE,ANIK,
F,ANICK,ANIK,TRUE
F,ALIA,ANIKA,
F,ALINA,ANIKA,
F,AMINA,ANIKA,
F,AMIRA,ANIKA,
F,ANA,ANIKA,
F,ANICK,ANIKA,
F,ANIK,ANIKA,
F,ALIA,ANITA,
F,ALINA,ANITA,
F,AMINA,ANITA,
F,AMIRA,ANITA,
F,ANA,ANITA,
F,ANICK,ANITA,
F,ANIK,ANITA,
F,ANIKA,ANITA,
F,ALIA,ANNA,
F,ALINA,ANNA,
F,AMINA,ANNA,
F,ANA,ANNA,TRUE
F,ANIK,ANNA,
F,ANIKA,ANNA,
F,ANITA,ANNA,
F,ANABEL,ANNABEL,TRUE
F,ANABELLE,ANNABELLE,TRUE
F,ANAELLE,ANNABELLE,TRUE
F,ANNABEL,ANNABELLE,TRUE
F,ALINE,ANNE,
F,ANA,ANNE,
F,ANGIE,ANNE,
F,ANIK,ANNE,
F,ANNA,ANNE,
F,ANICK,ANNICK,TRUE
F,ANIK,ANNICK,TRUE
F,ANAIS,ANNIE,
F,ANGIE,ANNIE,
F,ANIK,ANNIE,
F,ANNA,ANNIE,
F,ANNE,ANNIE,
F,ANNICK,ANNIE,
F,ANAIS,ANNIK,
F,ANGIE,ANNIK,
F,ANICK,ANNIK,TRUE
F,ANIK,ANNIK,TRUE
F,ANIKA,ANNIK,
F,ANNA,ANNIK,
F,ANNE,ANNIK,
F,ANNICK,ANNIK,TRUE
F,ANNIE,ANNIK,
F,ANNE SOPHIE,ANN SOPHIE,TRUE
F,ANICK,ANOUK,
F,ANIK,ANOUK,
F,ANNIK,ANOUK,
F,ALIA,ANYA,
F,AMY,ANYA,
F,ANA,ANYA,
F,ANIK,ANYA,
F,ANIKA,ANYA,
F,ANITA,ANYA,
F,ANNA,ANYA,
F,ANNE,ANYA,
F,ALIA,ARIA,
F,ALINA,ARIA,
F,ALIX,ARIA,
F,AMINA,ARIA,
F,AMIRA,ARIA,
F,ANA,ARIA,
F,ANIK,ARIA,
F,ANIKA,ARIA,
F,ANITA,ARIA,
F,ANNA,ARIA,
F,ANYA,ARIA,
F,ADRIANA,ARIANA,
F,ALINA,ARIANA,
F,AMINA,ARIANA,
F,ARIA,ARIANA,
F,ADRIANA,ARIANE,
F,ALINE,ARIANE,
F,ARIA,ARIANE,
F,ARIANA,ARIANE,
F,ADRIANA,ARIANNA,
F,ARIANA,ARIANNA,TRUE
F,ARIANE,ARIANNA,
F,ARIANA,ARIANNE,
F,ARIANE,ARIANNE,TRUE
F,ARIANNA,ARIANNE,
F,ARIA,ARIEL,
F,ANAELLE,ARIELLE,
F,ARIEL,ARIELLE,TRUE
F,ALIA,ARYA,
F,AMY,ARYA,
F,ANA,ARYA,
F,ANNA,ARYA,
F,ANYA,ARYA,
F,ARIA,ARYA,TRUE
F,AISHA,ASMA,
F,ALIA,ASMA,
F,AMY,ASMA,
F,ANA,ASMA,
F,ANNA,ASMA,
F,ANYA,ASMA,
F,ARIA,ASMA,
F,ARYA,ASMA,
F,ANNE,AUDE,
F,ANDREANE,AUDREANNE,
F,ANDREANNE,AUDREANNE,
F,ANDREA,AUDREE,
F,ANDREE,AUDREE,
F,AUDE,AUDREE,
F,ANDREA,AUDREY,
F,ANDREE,AUDREY,
F,AUDE,AUDREY,
F,AUDREE,AUDREY,TRUE
F,ANDREE ANN,AUDREY ANN,
F,ANDREE ANNE,AUDREY ANNE,
F,AUDREANNE,AUDREY ANNE,TRUE
F,AUDREY ANN,AUDREY ANNE,TRUE
F,ADELIE,AURELIE,
F,AMELIE,AURELIE,
F,ANGELIE,AURELIE,
F,ALIA,AVA,
F,AMY,AVA,
F,ANA,AVA,
F,ANNA,AVA,
F,ANYA,AVA,
F,ARIA,AVA,
F,ARYA,AVA,
F,ASMA,AVA,
F,ADELE,AXELLE,
F,ADELIE,AXELLE,
F,AMELIE,AXELLE,
F,ANAELLE,AXELLE,
F,ARIELLE,AXELLE,
F,ALIA,AYA,
F,AMY,AYA,
F,ANA,AYA,
F,ANNA,AYA,
F,ANYA,AYA,
F,ARIA,AYA,
F,ARYA,AYA,
F,ASMA,AYA,
F,AVA,AYA,
F,BIANCA,BIANKA,TRUE
F,ADRIANA,BRIANA,
F,ARIANA,BRIANA,
F,ARIANE,BRIANA,
F,ARIANNA,BRIANA,
F,BIANCA,BRIANA,
F,BIANKA,BRIANA,
F,ARIANA,BRIANNA,
F,ARIANNA,BRIANNA,
F,ARIANNE,BRIANNA,
F,BIANCA,BRIANNA,
F,BIANKA,BRIANNA,
F,BRIANA,BRIANNA,TRUE
F,BRIANA,BRITANY,
F,BRITANY,BRITTANY,TRUE
F,AMELIA,CAMELIA,
F,AMELIE,CAMELIA,
F,AMELYA,CAMELIA,
F,AMINA,CAMILA,
F,AMIRA,CAMILA,
F,CAMELIA,CAMILA,
F,CAMILA,CAMILLE,
F,ALINE,CARINE,
F,ARIANE,CARINE,
F,ARIA,CARLA,
F,ARYA,CARLA,
F,CAMILA,CARLA,
F,CAROLANE,CAROL ANN,TRUE
F,CAROLANE,CAROL ANNE,TRUE
F,CAROL ANN,CAROL ANNE,TRUE
F,CAROLANE,CAROLANNE,TRUE
F,CAROL ANN,CAROLANNE,TRUE
F,CAROL ANNE,CAROLANNE,TRUE
F,CARINE,CAROLE,
F,CARLA,CAROLE,
F,CAROLANE,CAROLE,
F,CAROL ANN,CAROLE ANNE,TRUE
F,CAROL ANNE,CAROLE ANNE,TRUE
F,CAROLANNE,CAROLE ANNE,TRUE
F,CAROLANE,CAROLINA,
F,CARINE,CAROLINE,
F,CAROLANE,CAROLINE,
F,CAROLANNE,CAROLINE,
F,CAROLE,CAROLINE,
F,CAROLINA,CAROLINE,
F,CAROLANE,CAROLYNE,
F,CAROLANNE,CAROLYNE,
F,CAROLE,CAROLYNE,
F,CAROLINA,CAROLYNE,
F,CAROLINE,CAROLYNE,TRUE
F,CASSANDRA,CASSANDRE,
F,ALIA,CELIA,
F,AMELIA,CELIA,
F,BELLA,CELIA,
F,CAMELIA,CELIA,
F,CECILIA,CELIA,
F,ALINE,CELINE,
F,CARINE,CELINE,
F,CELIA,CELINE,
F,CHANEL,CHANELLE,TRUE
F,CHANEL,CHANTAL,
F,CHANELLE,CHANTALE,
F,CHANTAL,CHANTALE,TRUE
F,CHARLENE,CHARLIE,
F,CARINE,CHARLINE,
F,CAROLINE,CHARLINE,
F,CHARLENE,CHARLINE,
F,CHARLIE,CHARLINE,
F,CHRISTINA,CHRISTINE,
F,CARLA,CLARA,
F,CLAIRE,CLARA,
F,CLAUDIA,CLAUDIE,
F,CLAUDIA,CLAUDINE,
F,CLAUDIE,CLAUDINE,
F,CHLOE,CLOE,TRUE
F,CORALIE,CORALY,TRUE
F,CARINE,CORINNE,
F,CHRISTINA,CRISTINA,TRUE
F,CHRISTINE,CRISTINA,
F,CINTHIA,CYNTHIA,TRUE
F,ALIA,DAHLIA,
F,ALIA,DALIA,
F,ALINA,DALIA,
F,ALIX,DALIA,
F,ARIA,DALIA,
F,CELIA,DALIA,
F,DAHLIA,DALIA,TRUE
F,ANA,DANA,
F,ANNA,DANA,
F,ANYA,DANA,
F,AVA,DANA,
F,AYA,DANA,
F,DALIA,DANA,
F,ANA,DANAE,
F,ANNE,DANAE,
F,DANA,DANAE,
F,ALIA,DANIA,
F,ANA,DANIA,
F,ANIK,DANIA,
F,ANIKA,DANIA,
F,ANITA,DANIA,
F,ANNA,DANIA,
F,ANYA,DANIA,
F,ARIA,DANIA,
F,DAHLIA,DANIA,
F,DALIA,DANIA,
F,DANA,DANIA,
F,DANAE,DANIA,
F,ANGELA,DANIELA,
F,DANIA,DANIELA,
F,DANIELA,DANIELLA,TRUE
F,ANAELLE,DANIELLE,
F,ARIELLE,DANIELLE,
F,DANIELA,DANIELLE,
F,DANIELLA,DANIELLE,
F,ANIK,DANIKA,
F,ANIKA,DANIKA,
F,ANITA,DANIKA,
F,DALIA,DANIKA,
F,DANA,DANIKA,
F,DANIA,DANIKA,
F,DANIELA,DANIKA,
F,DAPHNE,DAPHNEE,TRUE
F,DAPHNE,DAPHNEY,TRUE
F,DAPHNEE,DAPHNEY,TRUE
F,ADRIANA,DIANA,
F,ANA,DIANA,
F,ARIANA,DIANA,
F,BIANCA,DIANA,
F,BIANKA,DIANA,
F,BRIANA,DIANA,
F,DANA,DIANA,
F,DANAE,DIANA,
F,DANIA,DIANA,
F,ARIANE,DIANE,
F,DANA,DIANE,
F,DANAE,DIANE,
F,DIANA,DIANE,
F,ALINA,DINA,
F,AMINA,DINA,
F,ANA,DINA,
F,ANNA,DINA,
F,DANA,DINA,
F,DANAE,DINA,
F,DANIA,DINA,
F,DIANA,DINA,
F,DIANE,DINA,
F,ALINE,ELAINE,
F,CELINE,ELAINE,
F,CLAIRE,ELAINE,
F,ALEXA,ELENA,
F,ALINA,ELENA,
F,EDEN,ELENA,
F,ELEANOR,ELEONORE,
F,ALIA,ELIA,
F,ALINA,ELIA,
F,ALIX,ELIA,
F,AMELIA,ELIA,
F,ARIA,ELIA,
F,BELLA,ELIA,
F,CELIA,ELIA,
F,DALIA,ELIA,
F,ELENA,ELIA,
F,ALINA,ELIANA,
F,ARIANA,ELIANA,
F,BRIANA,ELIANA,
F,DIANA,ELIANA,
F,ELENA,ELIANA,
F,ELIA,ELIANA,
F,ALINE,ELIANE,
F,ARIANE,ELIANE,
F,CELINE,ELIANE,
F,DIANE,ELIANE,
F,ELAINE,ELIANE,
F,ELIA,ELIANE,
F,ELIANA,ELIANE,
F,ARIANNE,ELIANNE,
F,ELAINE,ELIANNE,
F,ELIANA,ELIANNE,
F,ELIANE,ELIANNE,TRUE
F,ADELIE,ELIE,
F,ALIA,ELIE,
F,ALICE,ELIE,
F,ALINE,ELIE,
F,ALIX,ELIE,
F,AMELIE,ELIE,
F,CELIA,ELIE,
F,CELINE,ELIE,
F,CLOE,ELIE,
F,ELAINE,ELIE,
F,ELIA,ELIE,
F,ELIANE,ELIE,
F,ALIA,ELINA,
F,ALINA,ELINA,
F,ALINE,ELINA,
F,AMINA,ELINA,
F,CELIA,ELINA,
F,CELINE,ELINA,
F,DINA,ELINA,
F,ELAINE,ELINA,
F,ELENA,ELINA,
F,ELIA,ELINA,
F,ELIANA,ELINA,
F,ELIANE,ELINA,
F,ELIE,ELINA,
F,ALIA,ELISA,
F,ALINA,ELISA,
F,ALISSA,ELISA,
F,CELIA,ELISA,
F,ELENA,ELISA,
F,ELIA,ELISA,
F,ELIANA,ELISA,
F,ELIE,ELISA,
F,ELINA,ELISA,
F,ALICE,ELISE,
F,ALINE,ELISE,
F,CELINE,ELISE,
F,ELAINE,ELISE,
F,ELIA,ELISE,
F,ELIANE,ELISE,
F,ELIE,ELISE,
F,ELINA,ELISE,
F,ELISA,ELISE,
F,ALISSA,ELISSA,
F,ALYSSA,ELISSA,
F,ELIA,ELISSA,
F,ELIANA,ELISSA,
F,ELINA,ELISSA,
F,ELISA,ELISSA,
F,ELISE,ELISSA,
F,ALIA,ELIZA,
F,ALINA,ELIZA,
F,CELIA,ELIZA,
F,ELENA,ELIZA,
F,ELIA,ELIZA,
F,ELIANA,ELIZA,
F,ELIE,ELIZA,
F,ELINA,ELIZA,
F,ELISA,ELIZA,TRUE
F,ELISE,ELIZA,
F,ELISSA,ELIZA,
F,ELISABETH,ELIZABETH,TRUE
F,ALIA,ELLA,
F,BELLA,ELLA,
F,CELIA,ELLA,
F,ELENA,ELLA,
F,ELIA,ELLA,
F,ELIE,ELLA,
F,ELINA,ELLA,
F,ELISA,ELLA,
F,ELIZA,ELLA,
F,BILLIE,ELLIE,
F,ELAINE,ELLIE,
F,ELIA,ELLIE,
F,ELIE,ELLIE,TRUE
F,ELISE,ELLIE,
F,ELLA,ELLIE,
F,ELIE,ELODIE,
F,ELLIE,ELODIE,
F,ELODIE,ELODY,TRUE
F,ELAINE,ELOISE,
F,ELIE,ELOISE,
F,ELISA,ELOISE,
F,ELISE,ELOISE,
F,ELLIE,ELOISE,
F,ELODIE,ELOISE,
F,ALIA,ELSA,
F,BELLA,ELSA,
F,CELIA,ELSA,
F,ELENA,ELSA,
F,ELIA,ELSA,
F,ELIE,ELSA,
F,ELINA,ELSA,
F,ELISA,ELSA,
F,ELISE,ELSA,
F,ELISSA,ELSA,
F,ELIZA,ELSA,
F,ELLA,ELSA,
F,ELAINE,ELYANE,
F,ELIANA,ELYANE,
F,ELIANE,ELYANE,TRUE
F,ELIANNE,ELYANE,TRUE
F,ELIE,ELYSE,
F,ELISA,ELYSE,
F,ELISE,ELYSE,TRUE
F,ELLIE,ELYSE,
F,ELOISE,ELYSE,
F,ELSA,ELYSE,
F,ELYANE,ELYSE,
F,ELIA,EMIE,
F,ELIE,EMIE,
F,ELISE,EMIE,
F,ELLIE,EMIE,
F,AMELIA,EMILIA,
F,CECILIA,EMILIA,
F,ELIA,EMILIA,
F,AMELIE,EMILIE,
F,ELIE,EMILIE,
F,ELLIE,EMILIE,
F,EMIE,EMILIE,
F,EMILIA,EMILIE,
F,AMELY,EMILY,
F,EMIE,EMILY,
F,EMILIA,EMILY,
F,EMILIE,EMILY,TRUE
F,ASMA,EMMA,
F,ELIA,EMMA,
F,ELLA,EMMA,
F,ELSA,EMMA,
F,EMIE,EMMA,
F,EMANUELLE,EMMANUELLE,TRUE
F,AMY,EMMY,
F,EMIE,EMMY,TRUE
F,EMILY,EMMY,
F,EMMA,EMMY,
F,AMY,EMY,
F,EMIE,EMY,TRUE
F,EMILY,EMY,
F,EMMA,EMY,
F,EMMY,EMY,TRUE
F,EMMA ROSE,EMY ROSE,
F,ARIA,ERICA,
F,ELIA,ERICA,
F,ELINA,ERICA,
F,ELISA,ERICA,
F,ELIZA,ERICA,
F,ANIKA,ERIKA,
F,ARIA,ERIKA,
F,ELIA,ERIKA,
F,ELINA,ERIKA,
F,ELISA,ERIKA,
F,ELIZA,ERIKA,
F,ERICA,ERIKA,TRUE
F,ARIA,ERIN,
F,EDEN,ERIN,
F,ELIA,ERIN,
F,ELIE,ERIN,
F,ELINA,ERIN,
F,EMIE,ERIN,
F,ERICA,ERIN,
F,ERIKA,ERIN,
F,ANA,EVA,
F,AVA,EVA,
F,AYA,EVA,
F,ELIA,EVA,
F,ELLA,EVA,
F,ELSA,EVA,
F,EMMA,EVA,
F,EMY,EVA,
F,EMMA ROSE,EVA ROSE,
F,EMY ROSE,EVA ROSE,
F,AVA,EVE,
F,EDEN,EVE,
F,ELIE,EVE,
F,EMIE,EVE,
F,EMY,EVE,
F,EVA,EVE,
F,EVELYN,EVELYNE,TRUE
F,ANGIE,FANNIE,
F,ANNE,FANNIE,
F,ANNIE,FANNIE,
F,ANNIK,FANNIE,
F,ANNA,FANNY,
F,ANNE,FANNY,
F,FANNIE,FANNY,TRUE
F,ALICIA,FELICIA,
F,DIANA,FIONA,
F,DINA,FIONA,
F,CLARA,FLORA,
F,FIONA,FLORA,
F,GABRIELA,GABRIELLA,TRUE
F,ARIELLE,GABRIELLE,
F,GABRIELA,GABRIELLE,
F,GABRIELLA,GABRIELLE,
F,ANAELLE,GAELLE,
F,AXELLE,GAELLE,
F,FLORA,GLORIA,
F,GEORGIA,GLORIA,
F,FRANCE,GRACE,
F,ANA,HANA,TRUE
F,ANNA,HANA,TRUE
F,ANYA,HANA,
F,AVA,HANA,
F,AYA,HANA,
F,DANA,HANA,
F,DANAE,HANA,
F,DANIA,HANA,
F,DIANA,HANA,
F,DINA,HANA,
F,HAJAR,HANA,
F,ANA,HANNA,TRUE
F,ANNA,HANNA,TRUE
F,ANNE,HANNA,
F,ANYA,HANNA,
F,DANA,HANNA,
F,DANIA,HANNA,
F,FANNY,HANNA,
F,HANA,HANNA,TRUE
F,ANNA,HANNAH,TRUE
F,HANA,HANNAH,TRUE
F,HANNA,HANNAH,TRUE
F,ELENA,HELENA,TRUE
F,ELINA,HELENA,
F,CELINE,HELENE,
F,ELENA,HELENE,
F,HELENA,HELENE,
F,ELISE,HELOISE,
F,ELOISE,HELOISE,TRUE
F,DINA,HIBA,
F,HANA,HIBA,
F,DIANE,IMANE,
F,ARIA,IRIS,
F,ERIN,IRIS,
F,INES,IRIS,
F,ANABEL,ISABEL,
F,ISABEL,ISABELLA,
F,ANABELLE,ISABELLE,
F,ISABEL,ISABELLE,TRUE
F,ISABELLA,ISABELLE,
F,AMY,IVY,
F,AVA,IVY,
F,EMY,IVY,
F,EVA,IVY,
F,EVE,IVY,
F,JACINTHE,JACYNTHE,TRUE
F,AUDE,JADE,
F,EMIE,JAMIE,
F,JADE,JAMIE,
F,ANA,JANA,
F,ANNA,JANA,
F,ANYA,JANA,
F,AVA,JANA,
F,AYA,JANA,
F,DANA,JANA,
F,DANAE,JANA,
F,DANIA,JANA,
F,DIANA,JANA,
F,DINA,JANA,
F,HANA,JANA,
F,HANNA,JANA,
F,JADE,JANA,
F,ANA,JANE,
F,ANNE,JANE,
F,DANA,JANE,
F,DANAE,JANE,
F,DIANE,JANE,
F,HANA,JANE,
F,IMANE,JANE,
F,JADE,JANE,
F,JAMIE,JANE,
F,JANA,JANE,
F,ANICK,JANICK,
F,ANIK,JANICK,
F,ANNICK,JANICK,
F,ANGIE,JANIE,
F,ANIK,JANIE,
F,ANNE,JANIE,
F,ANNIE,JANIE,
F,DANAE,JANIE,
F,DANIA,JANIE,
F,FANNIE,JANIE,
F,JADE,JANIE,
F,JAMIE,JANIE,
F,JANA,JANIE,
F,JANE,JANIE,
F,JANICK,JANIE,
F,JAMIE,JASMINE,
F,ANNE,JEANNE,
F,JANE,JEANNE,TRUE
F,JANIE,JEANNE,
F,ANNA,JENNA,
F,HANNA,JENNA,
F,JANA,JENNA,
F,JEANNE,JENNA,
F,FANNY,JENNY,
F,JEANNE,JENNY,
F,JENNA,JENNY,
F,JENNIFER,JENNYFER,TRUE
F,JESSICA,JESSIE,
F,JESSICA,JESSIKA,TRUE
F,JESSIE,JESSIKA,
F,JENNY,JESSY,
F,JESSIE,JESSY,TRUE
F,JESSICA,JESSYCA,TRUE
F,JESSIKA,JESSYCA,TRUE
F,JESSY,JESSYCA,
F,JESSICA,JESSYKA,TRUE
F,JESSIKA,JESSYKA,TRUE
F,JESSY,JESSYKA,
F,JESSYCA,JESSYKA,TRUE
F,JAMIE,JOANIE,
F,JANE,JOANIE,
F,JANIE,JOANIE,
F,JEANNE,JOANIE,
F,ANNA,JOANNA,
F,HANNA,JOANNA,
F,JANA,JOANNA,
F,JEANNE,JOANNA,
F,JENNA,JOANNA,
F,JOANIE,JOANNA,
F,ANNIE,JOANNIE,
F,FANNIE,JOANNIE,
F,JANIE,JOANNIE,
F,JEANNE,JOANNIE,
F,JOANIE,JOANNIE,TRUE
F,JOANNA,JOANNIE,
F,JANA,JOANY,
F,JANE,JOANY,
F,JENNY,JOANY,
F,JOANIE,JOANY,TRUE
F,JOANNA,JOANY,
F,AXELLE,JOELLE,
F,GAELLE,JOELLE,
F,JANIE,JOHANIE,
F,JOANIE,JOHANIE,TRUE
F,JOANNIE,JOHANIE,TRUE
F,JEANNE,JOHANNE,
F,JOANIE,JOHANNE,
F,JOANNA,JOHANNE,
F,JOANNIE,JOHANNE,
F,JOHANIE,JOHANNE,
F,JOANIE,JOHANNIE,TRUE
F,JOANNIE,JOHANNIE,TRUE
F,JOHANIE,JOHANNIE,TRUE
F,JOHANNE,JOHANNIE,
F,ELIANNE,JOLIANNE,
F,JOHANNE,JOLIANNE,
F,ELYANE,JOLYANE,
F,JOLIANNE,JOLYANE,TRUE
F,JOLYANE,JORDANE,
F,JOLIANNE,JOSIANE,
F,JOLYANE,JOSIANE,
F,JORDANE,JOSIANE,
F,JOHANNE,JOSIANNE,
F,JOLIANNE,JOSIANNE,
F,JOSIANE,JOSIANNE,TRUE
F,JOSEE,JOYCE,
F,EDITH,JUDITH,
F,AUDE,JUDY,
F,JADE,JUDY,
F,ALIA,JULIA,
F,CELIA,JULIA,
F,DALIA,JULIA,
F,ELIA,JULIA,
F,ELIANA,JULIANA,
F,JULIA,JULIANA,
F,ELIANE,JULIANE,
F,JOLIANNE,JULIANE,
F,JOLYANE,JULIANE,
F,JOSIANE,JULIANE,
F,JULIA,JULIANE,
F,JULIANA,JULIANE,
F,JOLIANNE,JULIANNA,
F,JULIANA,JULIANNA,TRUE
F,JULIANE,JULIANNA,
F,ELIANNE,JULIANNE,
F,JOLIANNE,JULIANNE,
F,JOSIANNE,JULIANNE,
F,JULIANA,JULIANNE,
F,JULIANE,JULIANNE,TRUE
F,JULIANNA,JULIANNE,
F,ELIE,JULIE,
F,ELLIE,JULIE,
F,JAMIE,JULIE,
F,JANIE,JULIE,
F,JULIA,JULIE,
F,JULIANE,JULIE,
F,JULIANNE,JULIE ANNE,TRUE
F,JASMINE,JUSTINE,
F,CAMILLE,KAMILLE,TRUE
F,ARIELLE,KARELLE,
F,AXELLE,KARELLE,
F,GAELLE,KARELLE,
F,KAMILLE,KARELLE,
F,ARIANA,KARIANE,
F,ARIANE,KARIANE,
F,ARIANNE,KARIANE,
F,CARINE,KARIANE,
F,ARIANE,KARIANNE,
F,ARIANNA,KARIANNE,
F,ARIANNE,KARIANNE,
F,KARIANE,KARIANNE,TRUE
F,ALINA,KARINA,
F,AMINA,KARINA,
F,ARIA,KARINA,
F,ARIANA,KARINA,
F,CARINE,KARINA,
F,KAREN,KARINA,
F,KARIANE,KARINA,
F,ALINE,KARINE,
F,ARIANE,KARINE,
F,CARINE,KARINE,TRUE
F,KAREN,KARINE,
F,KARIANE,KARINE,
F,KARIANNE,KARINE,
F,KARINA,KARINE,
F,CAROLANE,KAROLANE,TRUE
F,CAROLANNE,KAROLANE,TRUE
F,CAROLINE,KAROLANE,
F,CAROLYNE,KAROLANE,
F,KARIANE,KAROLANE,
F,CARINE,KARYNE,TRUE
F,KAREN,KARYNE,
F,KARIANE,KARYNE,
F,KARINA,KARYNE,
F,KARINE,KARYNE,TRUE
F,CASSANDRA,KASANDRA,TRUE
F,CASSANDRA,KASSANDRA,TRUE
F,CASSANDRE,KASSANDRA,
F,KASANDRA,KASSANDRA,TRUE
F,JADE,KATE,
F,JANE,KATE,
F,KAREN,KATE,
F,CATHERINE,KATERINE,TRUE
F,KARINE,KATERINE,
F,CATHERINE,KATHERINE,TRUE
F,KATERINE,KATHERINE,TRUE
F,CATHY,KATHY,TRUE
F,KATE,KATHY,
F,KATHRYN,KATHY,
F,ALIA,KATIA,
F,ARIA,KATIA,
F,DALIA,KATIA,
F,DANIA,KATIA,
F,FATIMA,KATIA,
F,KARINA,KATIA,
F,KATE,KATIA,
F,KATHY,KATIA,
F,JAMIE,KATIE,
F,JANIE,KATIE,
F,KARINE,KATIE,
F,KATE,KATIE,
F,KATHY,KATIE,TRUE
F,KATIA,KATIE,
F,KARINA,KATRINA,
F,KARINE,KATRINA,
F,KATERINE,KATRINA,
F,KATIA,KATRINA,
F,CARINE,KATRINE,
F,KARIANE,KATRINE,
F,KARINA,KATRINE,
F,KARINE,KATRINE,
F,KARYNE,KATRINE,
F,KATERINE,KATRINE,TRUE
F,KATHERINE,KATRINE,TRUE
F,KATIE,KATRINE,
F,KATRINA,KATRINE,
F,AMY,KATY,
F,CATHY,KATY,TRUE
F,KATE,KATY,
F,KATHY,KATY,TRUE
F,KATIA,KATY,
F,KATIE,KATY,TRUE
F,AYA,KAYLA,
F,CARLA,KAYLA,
F,KATIA,KAYLA,
F,KAYLA,KAYLEE,
F,BELLA,KELLY,
F,ELLA,KELLY,
F,KELLY ANN,KELLYANN,TRUE
F,KELLY ANN,KELLY ANNE,TRUE
F,KELLYANN,KELLY ANNE,TRUE
F,KELLY,KELSEY,
F,JENNA,KENZA,
F,ANA,KIANA,
F,ARIANA,KIANA,
F,BIANCA,KIANA,
F,BIANKA,KIANA,
F,BRIANA,KIANA,
F,DANA,KIANA,
F,DIANA,KIANA,
F,DIANE,KIANA,
F,DINA,KIANA,
F,ELIANA,KIANA,
F,FIONA,KIANA,
F,HANA,KIANA,
F,JANA,KIANA,
F,CLARA,KIARA,
F,DIANA,KIARA,
F,KIANA,KIARA,
F,KIMBERLEY,KIMBERLY,TRUE
F,CHLOE,KLOE,TRUE
F,CLOE,KLOE,TRUE
F,ELIE,KLOE,
F,KATE,KLOE,
F,CORALIE,KORALIE,TRUE
F,CORALY,KORALY,TRUE
F,KORALIE,KORALY,TRUE
F,CHRISTINA,KRISTINA,TRUE
F,CRISTINA,KRISTINA,TRUE
F,CRYSTAL,KRYSTEL,
F,ELIE,KYLIE,
F,ELLIE,KYLIE,
F,JULIE,KYLIE,
F,KATIE,KYLIE,
F,KAYLEE,KYLIE,TRUE
F,KLOE,KYLIE,
F,AYA,KYM,
F,KIM,KYM,TRUE
F,AYA,KYRA,
F,KAYLA,KYRA,
F,KIARA,KYRA,
F,KYM,KYRA,
F,LAETICIA,LAETITIA,TRUE
F,CAMILA,LAILA,
F,CARLA,LAILA,
F,KAYLA,LAILA,
F,ALINA,LANA,
F,ANA,LANA,
F,ANNA,LANA,
F,ANYA,LANA,
F,AVA,LANA,
F,AYA,LANA,
F,CLARA,LANA,
F,DANA,LANA,
F,DANAE,LANA,
F,DANIA,LANA,
F,DIANA,LANA,
F,DINA,LANA,
F,ELENA,LANA,
F,ELIANA,LANA,
F,ELINA,LANA,
F,HANA,LANA,
F,HANNA,LANA,
F,JANA,LANA,
F,JANE,LANA,
F,KIANA,LANA,
F,LAILA,LANA,
F,ANA,LARA,
F,ARIA,LARA,
F,ARYA,LARA,
F,AVA,LARA,
F,AYA,LARA,
F,CARLA,LARA,
F,CLARA,LARA,
F,DANA,LARA,
F,FARAH,LARA,
F,FLORA,LARA,
F,HANA,LARA,
F,JANA,LARA,
F,KIARA,LARA,
F,KYRA,LARA,
F,LAILA,LARA,
F,LANA,LARA,
F,CLARA,LAURA,
F,LAILA,LAURA,
F,LANA,LAURA,
F,LARA,LAURA,
F,AURELIE,LAURALIE,
F,KAREN,LAUREN,
F,LAURA,LAUREN,
F,LAUREN,LAURENCE,
F,ARIANE,LAURIANE,
F,KARIANE,LAURIANE,
F,ARIANNE,LAURIANNE,
F,KARIANNE,LAURIANNE,
F,LAURIANE,LAURIANNE,TRUE
F,CLAUDIE,LAURIE,
F,LAURA,LAURIE,
F,LAURALIE,LAURIE,
F,LAUREN,LAURIE,
F,LAURIANE,LAURIE,
F,LAURIANNE,LAURIE ANNE,TRUE
F,LAURIE ANN,LAURIE ANNE,TRUE
F,LARA,LAURY,
F,LAURA,LAURY,
F,LAUREN,LAURY,
F,LAURIE,LAURY,TRUE
F,AYA,LAYLA,
F,CARLA,LAYLA,
F,KAYLA,LAYLA,
F,LAILA,LAYLA,TRUE
F,LANA,LAYLA,
F,LARA,LAYLA,
F,LAURA,LAYLA,
F,ALEX,LEA,
F,ALEXA,LEA,
F,ALIA,LEA,
F,ANA,LEA,
F,AVA,LEA,
F,AYA,LEA,
F,ELENA,LEA,
F,ELIA,LEA,
F,ELLA,LEA,
F,ELSA,LEA,
F,EVA,LEA,
F,LANA,LEA,
F,LARA,LEA,
F,LEA,LEAH,TRUE
F,ANA,LEANA,
F,DANA,LEANA,
F,DIANA,LEANA,
F,ELENA,LEANA,
F,ELIANA,LEANA,
F,HANA,LEANA,
F,JANA,LEANA,
F,JENNA,LEANA,
F,KIANA,LEANA,
F,LANA,LEANA,
F,LARA,LEANA,
F,LEA,LEANA,
F,LEAH,LEANA,
F,ALEXANE,LEANE,
F,DIANE,LEANE,
F,ELIANE,LEANE,
F,ELYANE,LEANE,
F,IMANE,LEANE,
F,JANE,LEANE,
F,JEANNE,LEANE,
F,LANA,LEANE,
F,LEA,LEANE,
F,LEAH,LEANE,
F,LEANA,LEANE,
F,ALEXANNE,LEANNE,
F,ANNE,LEANNE,
F,ELIANNE,LEANNE,
F,JEANNE,LEANNE,
F,LEANA,LEANNE,
F,LEANE,LEANNE,TRUE
F,EVA ROSE,LEA ROSE,
F,ALEXA,LEIA,
F,ALEXIA,LEIA,
F,ALIA,LEIA,
F,ARIA,LEIA,
F,CELIA,LEIA,
F,ELENA,LEIA,
F,ELIA,LEIA,
F,EVA,LEIA,
F,LAILA,LEIA,
F,LANA,LEIA,
F,LARA,LEIA,
F,LEA,LEIA,TRUE
F,LEAH,LEIA,TRUE
F,LEANA,LEIA,
F,BELLA,LEILA,
F,ELLA,LEILA,
F,LAILA,LEILA,TRUE
F,LAYLA,LEILA,TRUE
F,LEA,LEILA,
F,LEANA,LEILA,
F,LEIA,LEILA,
F,ALEXA,LENA,
F,ALINA,LENA,
F,ANA,LENA,
F,ANNA,LENA,
F,DANA,LENA,
F,DINA,LENA,
F,ELENA,LENA,
F,ELINA,LENA,
F,EVA,LENA,
F,HANA,LENA,
F,HELENA,LENA,
F,JANA,LENA,
F,JENNA,LENA,
F,KENZA,LENA,
F,LANA,LENA,
F,LARA,LENA,
F,LEA,LENA,
F,LEAH,LENA,
F,LEANA,LENA,
F,LEANE,LENA,
F,LEIA,LENA,
F,LEILA,LENA,
F,LEANE,LEONIE,
F,LEANNE,LEONIE,
F,ELIE,LESLIE,
F,ELLIE,LESLIE,
F,JESSIE,LESLIE,
F,LEONIE,LESLIE,
F,FELICIA,LETICIA,
F,LAETICIA,LETICIA,TRUE
F,LAETITIA,LETICIA,TRUE
F,ALEXE,LEXIE,
F,ALEXIA,LEXIE,
F,ALEXIE,LEXIE,
F,ALEXIS,LEXIE,
F,ELIE,LEXIE,
F,EMIE,LEXIE,
F,LEANE,LEXIE,
F,LEIA,LEXIE,
F,LEONIE,LEXIE,
F,LESLIE,LEXIE,
F,BELLA,LEYLA,
F,ELLA,LEYLA,
F,KAYLA,LEYLA,
F,LAILA,LEYLA,TRUE
F,LAYLA,LEYLA,TRUE
F,LEA,LEYLA,
F,LEANA,LEYLA,
F,LEIA,LEYLA,
F,LEILA,LEYLA,TRUE
F,LENA,LEYLA,
F,ALIA,LIA,
F,ALINA,LIA,
F,ALIX,LIA,
F,ANA,LIA,
F,ARIA,LIA,
F,AVA,LIA,
F,AYA,LIA,
F,CELIA,LIA,
F,DALIA,LIA,
F,DINA,LIA,
F,ELIA,LIA,
F,ELIE,LIA,
F,ELINA,LIA,
F,ELISA,LIA,
F,ELIZA,LIA,
F,ELLA,LIA,
F,ELSA,LIA,
F,EVA,LIA,
F,HIBA,LIA,
F,JULIA,LIA,
F,KIM,LIA,
F,LAILA,LIA,
F,LANA,LIA,
F,LARA,LIA,
F,LEA,LIA,
F,LEAH,LIA,
F,LEIA,LIA,
F,LEILA,LIA,
F,LENA,LIA,
F,ALINA,LIANA,
F,ANA,LIANA,
F,ARIANA,LIANA,
F,BIANCA,LIANA,
F,BIANKA,LIANA,
F,BRIANA,LIANA,
F,DANA,LIANA,
F,DIANA,LIANA,
F,DIANE,LIANA,
F,DINA,LIANA,
F,ELIANA,LIANA,
F,ELIANE,LIANA,
F,ELINA,LIANA,
F,FIONA,LIANA,
F,HANA,LIANA,
F,JANA,LIANA,
F,JULIANA,LIANA,
F,KIANA,LIANA,
F,KIARA,LIANA,
F,LANA,LIANA,
F,LARA,LIANA,
F,LEANA,LIANA,
F,LEANE,LIANA,
F,LENA,LIANA,
F,LIA,LIANA,
F,LAILA,LILI,
F,LEILA,LILI,
F,LIA,LILI,
F,ALIA,LILIA,
F,ALICIA,LILIA,
F,CELIA,LILIA,
F,DALIA,LILIA,
F,ELIA,LILIA,
F,EMILIA,LILIA,
F,JULIA,LILIA,
F,LAILA,LILIA,
F,LEIA,LILIA,
F,LEILA,LILIA,
F,LIA,LILIA,
F,LIANA,LILIA,
F,LILI,LILIA,
F,ELIANE,LILIANE,
F,JULIANE,LILIANE,
F,LILIA,LILIANE,
F,ELIANNE,LILIANNE,
F,JOLIANNE,LILIANNE,
F,JULIANNE,LILIANNE,
F,LILIANE,LILIANNE,TRUE
F,LILI,LILOU,
F,LILIA,LILOU,
F,EMILY,LILY,
F,IVY,LILY,
F,LAILA,LILY,
F,LEILA,LILY,
F,LIA,LILY,
F,LILI,LILY,TRUE
F,LILIA,LILY,
F,LILOU,LILY,
F,LAILA,LILYA,
F,LEILA,LILYA,
F,LIA,LILYA,
F,LIANA,LILYA,
F,LILI,LILYA,
F,LILIA,LILYA,TRUE
F,LILOU,LILYA,
F,LILY,LILYA,
F,LILI ROSE,LILY ROSE,TRUE
F,ALIA,LINA,
F,ALINA,LINA,
F,ALINE,LINA,
F,AMINA,LINA,
F,ANA,LINA,
F,ANNA,LINA,
F,DANA,LINA,
F,DIANA,LINA,
F,DINA,LINA,
F,ELENA,LINA,
F,ELIA,LINA,
F,ELIANA,LINA,
F,ELINA,LINA,
F,ELISA,LINA,
F,ELIZA,LINA,
F,FIONA,LINA,
F,HANA,LINA,
F,HIBA,LINA,
F,JANA,LINA,
F,KIANA,LINA,
F,LAILA,LINA,
F,LANA,LINA,
F,LARA,LINA,
F,LEA,LINA,
F,LEANA,LINA,
F,LEIA,LINA,
F,LEILA,LINA,
F,LENA,LINA,
F,LIA,LINA,
F,LIANA,LINA,
F,LILI,LINA,
F,LILIA,LINA,
F,LILY,LINA,
F,LILYA,LINA,
F,ALINA,LINDA,
F,CINDY,LINDA,
F,DINA,LINDA,
F,ELINA,LINDA,
F,LANA,LINDA,
F,LENA,LINDA,
F,LIA,LINDA,
F,LIANA,LINDA,
F,LILIA,LINDA,
F,LILYA,LINDA,
F,LINA,LINDA,
F,LINDA,LINDSAY,
F,AISHA,LISA,
F,ALIA,LISA,
F,ALINA,LISA,
F,ALISSA,LISA,
F,DINA,LISA,
F,ELIA,LISA,
F,ELINA,LISA,
F,ELISA,LISA,
F,ELISE,LISA,
F,ELISSA,LISA,
F,ELIZA,LISA,
F,ELSA,LISA,
F,HIBA,LISA,
F,LAILA,LISA,
F,LANA,LISA,
F,LARA,LISA,
F,LEA,LISA,
F,LEIA,LISA,
F,LEILA,LISA,
F,LENA,LISA,
F,LIA,LISA,
F,LIANA,LISA,
F,LILI,LISA,
F,LILIA,LISA,
F,LILY,LISA,
F,LILYA,LISA,
F,LINA,LISA,
F,LINDA,LISA,
F,ALICIA,LIVIA,
F,LEIA,LIVIA,
F,LIA,LIVIA,
F,LIANA,LIVIA,
F,LILI,LIVIA,
F,LILIA,LIVIA,
F,LILYA,LIVIA,
F,LINA,LIVIA,
F,LINDA,LIVIA,
F,LISA,LIVIA,
F,ELLA,LOLA,
F,FLORA,LOLA,
F,LAILA,LOLA,
F,LANA,LOLA,
F,LARA,LOLA,
F,LAYLA,LOLA,
F,LEA,LOLA,
F,LEIA,LOLA,
F,LEILA,LOLA,
F,LENA,LOLA,
F,LEYLA,LOLA,
F,LIA,LOLA,
F,LILI,LOLA,
F,LILIA,LOLA,
F,LILY,LOLA,
F,LILYA,LOLA,
F,LINA,LOLA,
F,LISA,LOLA,
F,FLORA,LORI,
F,GLORIA,LORI,
F,LARA,LORI,
F,LILI,LORI,
F,LOLA,LORI,
F,ELODIE,LORIE,
F,GLORIA,LORIE,
F,LAURIE,LORIE,TRUE
F,LEONIE,LORIE,
F,LEXIE,LORIE,
F,LORI,LORIE,TRUE
F,ELODY,LORY,
F,FLORA,LORY,
F,LARA,LORY,
F,LAURY,LORY,TRUE
F,LILY,LORY,
F,LOLA,LORY,
F,LORI,LORY,TRUE
F,LORIE,LORY,TRUE
F,CLOE,LOU,
F,KLOE,LOU,
F,LEA,LOU,
F,LIA,LOU,
F,LILOU,LOU,
F,LOLA,LOU,
F,LORI,LOU,
F,LORY,LOU,
F,ELOISE,LOUISE,
F,LORIE,LOUISE,
F,ALICIA,LUCIA,
F,ALYCIA,LUCIA,
F,JULIA,LUCIA,
F,LEIA,LUCIA,
F,LIA,LUCIA,
F,LILIA,LUCIA,
F,LIVIA,LUCIA,
F,JULIE,LUCIE,
F,LAURIE,LUCIE,
F,LEXIE,LUCIE,
F,LORIE,LUCIE,
F,LUCIA,LUCIE,
F,JUDY,LUCY,
F,LAURY,LUCY,
F,LILY,LUCY,
F,LORY,LUCY,
F,LUCIA,LUCY,
F,LUCIE,LUCY,TRUE
F,ALINA,LUNA,
F,ANA,LUNA,
F,ANNA,LUNA,
F,DANA,LUNA,
F,DINA,LUNA,
F,ELENA,LUNA,
F,ELINA,LUNA,
F,HANA,LUNA,
F,JANA,LUNA,
F,LANA,LUNA,
F,LARA,LUNA,
F,LAURA,LUNA,
F,LEA,LUNA,
F,LEANA,LUNA,
F,LEIA,LUNA,
F,LENA,LUNA,
F,LIA,LUNA,
F,LIANA,LUNA,
F,LINA,LUNA,
F,LINDA,LUNA,
F,LISA,LUNA,
F,LOLA,LUNA,
F,LUCIA,LUNA,
F,LUCY,LUNA,
F,ALIA,LYA,
F,ANA,LYA,
F,ANYA,LYA,
F,ARYA,LYA,
F,AVA,LYA,
F,AYA,LYA,
F,ELIA,LYA,
F,ELLA,LYA,
F,ELSA,LYA,
F,EVA,LYA,
F,KYM,LYA,
F,KYRA,LYA,
F,LANA,LYA,
F,LARA,LYA,
F,LAYLA,LYA,
F,LEA,LYA,
F,LEAH,LYA,
F,LEIA,LYA,
F,LENA,LYA,
F,LEYLA,LYA,
F,LIA,LYA,TRUE
F,LILYA,LYA,
F,LINA,LYA,
F,LISA,LYA,
F,LOLA,LYA,
F,LOU,LYA,
F,LUNA,LYA,
F,ANA,LYANA,
F,DANA,LYANA,
F,DIANA,LYANA,
F,ELIANA,LYANA,
F,ELYANE,LYANA,
F,HANA,LYANA,
F,JANA,LYANA,
F,KIANA,LYANA,
F,LANA,LYANA,
F,LARA,LYANA,
F,LEANA,LYANA,
F,LEANE,LYANA,
F,LENA,LYANA,
F,LIANA,LYANA,TRUE
F,LINA,LYANA,
F,LUNA,LYANA,
F,LYA,LYANA,
F,ALYCIA,LYDIA,
F,LEIA,LYDIA,
F,LIA,LYDIA,
F,LILIA,LYDIA,
F,LIVIA,LYDIA,
F,LUCIA,LYDIA,
F,LYA,LYDIA,
F,LYANA,LYDIA,
F,ALINA,LYNA,
F,ANA,LYNA,
F,ANNA,LYNA,
F,AYA,LYNA,
F,DANA,LYNA,
F,DINA,LYNA,
F,ELENA,LYNA,
F,ELINA,LYNA,
F,HANA,LYNA,
F,JANA,LYNA,
F,KYRA,LYNA,
F,LANA,LYNA,
F,LARA,LYNA,
F,LAYLA,LYNA,
F,LEA,LYNA,
F,LEANA,LYNA,
F,LEIA,LYNA,
F,LENA,LYNA,
F,LEYLA,LYNA,
F,LIA,LYNA,
F,LIANA,LYNA,
F,LINA,LYNA,TRUE
F,LINDA,LYNA,
F,LISA,LYNA,
F,LOLA,LYNA,
F,LUNA,LYNA,
F,LYA,LYNA,
F,LYANA,LYNA,
F,LYDIA,LYNA,
F,ALINE,LYNE,
F,ANNE,LYNE,
F,ELYANE,LYNE,
F,ELYSE,LYNE,
F,JANE,LYNE,
F,LANA,LYNE,
F,LEANE,LYNE,
F,LENA,LYNE,
F,LINA,LYNE,
F,LUNA,LYNE,
F,LYA,LYNE,
F,LYANA,LYNE,
F,LYNA,LYNE,
F,LEANNE,LYSANNE,
F,ALYCIA,LYVIA,
F,LEIA,LYVIA,
F,LIA,LYVIA,
F,LILIA,LYVIA,
F,LIVIA,LYVIA,TRUE
F,LUCIA,LYVIA,
F,LYA,LYVIA,
F,LYANA,LYVIA,
F,LYDIA,LYVIA,
F,LYNA,LYVIA,
F,ALISON,MADISON,
F,ALYSON,MADYSON,
F,MADISON,MADYSON,TRUE
F,ADELIE,MAELIE,
F,AMELIE,MAELIE,
F,ELIE,MAELIE,
F,GAELLE,MAELIE,
F,ANAELLE,MAELLE,
F,AXELLE,MAELLE,
F,GAELLE,MAELLE,
F,JOELLE,MAELLE,
F,KARELLE,MAELLE,
F,MAELIE,MAELLE,
F,GAELLE,MAELLY,
F,KELLY,MAELLY,
F,MAELIE,MAELLY,TRUE
F,MAELLE,MAELLY,
F,AMELY,MAELY,
F,MAELIE,MAELY,TRUE
F,MAELLE,MAELY,
F,MAELLY,MAELY,TRUE
F,AVA,MAEVA,
F,EVA,MAEVA,
F,MAELY,MAEVA,
F,ANAEVE,MAEVE,
F,EVE,MAEVE,
F,MAELIE,MAEVE,
F,MAELLE,MAEVE,
F,MAELY,MAEVE,
F,MAEVA,MAEVE,
F,MAELIE,MAGALIE,
F,MAGALI,MAGALIE,TRUE
F,MAELLY,MAGALY,
F,MAELY,MAGALY,
F,MAGALI,MAGALY,TRUE
F,MAGALIE,MAGALY,TRUE
F,ANGIE,MAGGIE,
F,MAELIE,MAGGIE,
F,MAGALIE,MAGGIE,
F,MAELY,MAGGY,
F,MAGALY,MAGGY,
F,MAGGIE,MAGGY,TRUE
F,MAEVE,MAHEE,
F,ALIA,MAIA,
F,ANA,MAIA,
F,ARIA,MAIA,
F,AVA,MAIA,
F,AYA,MAIA,
F,DALIA,MAIA,
F,DANA,MAIA,
F,DANIA,MAIA,
F,ELIA,MAIA,
F,HANA,MAIA,
F,JANA,MAIA,
F,KATIA,MAIA,
F,LAILA,MAIA,
F,LANA,MAIA,
F,LARA,MAIA,
F,LEIA,MAIA,
F,LIA,MAIA,
F,MAEVA,MAIA,
F,ANIKA,MAIKA,
F,DANIKA,MAIKA,
F,ERIKA,MAIKA,
F,LAILA,MAIKA,
F,MAEVA,MAIKA,
F,MAIA,MAIKA,
F,ALINA,MAINA,
F,AMINA,MAINA,
F,ANA,MAINA,
F,ANNA,MAINA,
F,DANA,MAINA,
F,DINA,MAINA,
F,ELINA,MAINA,
F,HANA,MAINA,
F,HANNA,MAINA,
F,JANA,MAINA,
F,KARINA,MAINA,
F,LAILA,MAINA,
F,LANA,MAINA,
F,LINA,MAINA,
F,MAEVA,MAINA,
F,MAIA,MAINA,
F,MAIKA,MAINA,
F,KATE,MAITE,
F,MAEVE,MAITE,
F,MAHEE,MAITE,
F,MAIA,MAITE,
F,MAIKA,MAITE,
F,MAINA,MAITE,
F,MAIA,MALAK,
F,ALIA,MALIKA,
F,ALINA,MALIKA,
F,ANIKA,MALIKA,
F,DALIA,MALIKA,
F,DANIKA,MALIKA,
F,MAIA,MALIKA,
F,MAIKA,MALIKA,
F,MAINA,MALIKA,
F,MALAK,MALIKA,
F,LORIE,MALORIE,
F,ALIA,MARIA,
F,ARIA,MARIA,
F,ARYA,MARIA,
F,CARLA,MARIA,
F,DALIA,MARIA,
F,DANIA,MARIA,
F,KARINA,MARIA,
F,KATIA,MARIA,
F,LARA,MARIA,
F,MAEVA,MARIA,
F,MAIA,MARIA,
F,MAIKA,MARIA,
F,MAINA,MARIA,
F,MALIKA,MARIA,
F,ARIA,MARIAM,
F,MAIA,MARIAM,
F,MARIA,MARIAM,
F,ADRIANA,MARIANA,
F,ARIANA,MARIANA,
F,ARIANE,MARIANA,
F,ARIANNA,MARIANA,
F,BRIANA,MARIANA,
F,KARIANE,MARIANA,
F,KARINA,MARIANA,
F,MAINA,MARIANA,
F,MARIA,MARIANA,
F,MARIAM,MARIANA,
F,ARIANA,MARIANE,
F,ARIANE,MARIANE,
F,ARIANNE,MARIANE,
F,CARINE,MARIANE,
F,KARIANE,MARIANE,
F,KARIANNE,MARIANE,
F,KARINE,MARIANE,
F,LAURIANE,MARIANE,
F,MARIA,MARIANE,
F,MARIAM,MARIANE,
F,MARIANA,MARIANE,
F,ARIANE,MARIANNE,
F,ARIANNA,MARIANNE,
F,ARIANNE,MARIANNE,
F,KARIANE,MARIANNE,
F,KARIANNE,MARIANNE,
F,LAURIANNE,MARIANNE,
F,MARIANA,MARIANNE,
F,MARIANE,MARIANNE,TRUE
F,ARIA,MARIE,
F,ARIEL,MARIE,
F,CARINE,MARIE,
F,JAMIE,MARIE,
F,JANIE,MARIE,
F,KARINE,MARIE,
F,KATIE,MARIE,
F,LAURIE,MARIE,
F,LORIE,MARIE,
F,MAELIE,MARIE,
F,MAEVE,MARIE,
F,MAGGIE,MARIE,
F,MAHEE,MARIE,
F,MAIA,MARIE,
F,MAITE,MARIE,
F,MALORIE,MARIE,
F,MARIA,MARIE,
F,MARIAM,MARIE,
F,MARIANE,MARIE,
F,LAURIE ANNE,MARIE ANNE,
F,MARIANNE,MARIE ANNE,TRUE
F,MARIE ANGE,MARIE ANNE,
F,MARIE CLAIRE,MARIE CLAUDE,
F,MARIE ANNE,MARIE JEANNE,
F,ARIELLE,MARIELLE,
F,DANIELLE,MARIELLE,
F,GABRIELLE,MARIELLE,
F,KARELLE,MARIELLE,
F,MAELLE,MARIELLE,
F,MARIE ANNE,MARIE LYNE,
F,MARIE MICHELE,MARIE MICHELLE,TRUE
F,MARIE JOELLE,MARIE NOELLE,
F,MARIE PIER,MARIE PIERRE,TRUE
F,MAEVE,MARIEVE,
F,MARIANE,MARIEVE,
F,MARIE,MARIEVE,
F,MARIE EVE,MARIEVE,TRUE
F,MARIELLE,MARIEVE,
F,ANIKA,MARIKA,
F,ARIA,MARIKA,
F,DANIKA,MARIKA,
F,ERIKA,MARIKA,
F,KARINA,MARIKA,
F,MAIA,MARIKA,
F,MAIKA,MARIKA,
F,MAINA,MARIKA,
F,MALIKA,MARIKA,
F,MARIA,MARIKA,
F,MARIAM,MARIKA,
F,MARIANA,MARIKA,
F,MARIE,MARIKA,
F,MAELIE,MARILIE,
F,MAGALIE,MARILIE,
F,MARIANE,MARILIE,
F,MARIE,MARILIE,
F,MARIELLE,MARILIE,
F,MARIEVE,MARILIE,
F,MARIE LOU,MARILOU,TRUE
F,MARILIE,MARILOU,
F,MARILIE,MARILYN,
F,MARILOU,MARILYN,
F,CAROLYNE,MARILYNE,
F,MARIANE,MARILYNE,
F,MARIANNE,MARILYNE,
F,MARIE LYNE,MARILYNE,TRUE
F,MARILIE,MARILYNE,
F,MARILYN,MARILYNE,TRUE
F,ALINA,MARINA,
F,AMINA,MARINA,
F,ARIA,MARINA,
F,ARIANA,MARINA,
F,CARINE,MARINA,
F,KARINA,MARINA,
F,KARINE,MARINA,
F,KATRINA,MARINA,
F,MAIA,MARINA,
F,MAIKA,MARINA,
F,MAINA,MARINA,
F,MALIKA,MARINA,
F,MARIA,MARINA,
F,MARIAM,MARINA,
F,MARIANA,MARINA,
F,MARIANE,MARINA,
F,MARIE,MARINA,
F,MARIKA,MARINA,
F,ALINE,MARINE,
F,ARIANE,MARINE,
F,CARINE,MARINE,
F,KARIANE,MARINE,
F,KARINA,MARINE,
F,KARINE,MARINE,
F,KARYNE,MARINE,
F,KATRINE,MARINE,
F,MAINA,MARINE,
F,MAITE,MARINE,
F,MARIA,MARINE,
F,MARIAM,MARINE,
F,MARIANA,MARINE,
F,MARIANE,MARINE,
F,MARIANNE,MARINE,
F,MARIE,MARINE,
F,MARIEVE,MARINE,
F,MARIKA,MARINE,
F,MARILIE,MARINE,
F,MARILYNE,MARINE,
F,MARINA,MARINE,
F,MADISON,MARION,
F,MANON,MARION,
F,MARGOT,MARION,
F,MARIA,MARION,
F,MARIAM,MARION,
F,MARIANA,MARION,
F,MARIANE,MARION,
F,MARIE,MARION,
F,MARIKA,MARION,
F,MARILOU,MARION,
F,MARILYN,MARION,
F,MARINA,MARION,
F,MARINE,MARION,
F,ALISSA,MARISSA,
F,MARIA,MARISSA,
F,MARIANA,MARISSA,
F,MARIKA,MARISSA,
F,MARINA,MARISSA,
F,MALORIE,MARJORIE,
F,CHARLENE,MARLENE,
F,MARIANE,MARLENE,
F,MARIEVE,MARLENE,
F,MARILYNE,MARLENE,
F,MARINE,MARLENE,
F,CARINE,MARTINE,
F,KARINE,MARTINE,
F,MARIANE,MARTINE,
F,MARIE,MARTINE,
F,MARINA,MARTINE,
F,MARINE,MARTINE,
F,MARLENE,MARTINE,
F,ARIA,MARWA,
F,ARYA,MARWA,
F,CARLA,MARWA,
F,LARA,MARWA,
F,MAEVA,MARWA,
F,MAIA,MARWA,
F,MAIKA,MARWA,
F,MAINA,MARWA,
F,MARIA,MARWA,
F,MARIAM,MARWA,
F,MARIE,MARWA,
F,MARIKA,MARWA,
F,MARINA,MARWA,
F,AMY,MARY,
F,ARYA,MARY,
F,KATY,MARY,
F,LARA,MARY,
F,LAURY,MARY,
F,LORY,MARY,
F,MAELY,MARY,
F,MAGGY,MARY,
F,MAIA,MARY,
F,MARIA,MARY,
F,MARIE,MARY,TRUE
F,MARWA,MARY,
F,ARYA,MARYAM,
F,MARIA,MARYAM,
F,MARIAM,MARYAM,TRUE
F,MARWA,MARYAM,
F,MARY,MARYAM,
F,MARILYNE,MARYLENE,
F,MARLENE,MARYLENE,
F,CAROLINE,MARYLINE,
F,MARILIE,MARYLINE,
F,MARILYNE,MARYLINE,TRUE
F,MARINE,MARYLINE,
F,MARLENE,MARYLINE,
F,MARTINE,MARYLINE,
F,MARYLENE,MARYLINE,
F,MARILOU,MARYLOU,TRUE
F,KARYNE,MARYSE,
F,MARIE,MARYSE,
F,MARINE,MARYSE,
F,MARY,MARYSE,
F,MARYAM,MARYSE,
F,AUDE,MAUDE,
F,JADE,MAUDE,
F,MAEVE,MAUDE,
F,MAHEE,MAUDE,
F,MAITE,MAUDE,
F,MARIE,MAUDE,
F,MAIA,MAXIM,
F,MARIA,MAXIM,
F,MARIAM,MAXIM,
F,MARIE,MAXIM,
F,MAITE,MAXIME,
F,MARIE,MAXIME,
F,MARINE,MAXIME,
F,MAXIM,MAXIME,TRUE
F,ANA,MAYA,
F,ANYA,MAYA,
F,ARYA,MAYA,
F,AVA,MAYA,
F,AYA,MAYA,
F,DANA,MAYA,
F,HANA,MAYA,
F,JANA,MAYA,
F,KAYLA,MAYA,
F,LANA,MAYA,
F,LARA,MAYA,
F,LAYLA,MAYA,
F,LYA,MAYA,
F,MAEVA,MAYA,
F,MAIA,MAYA,TRUE
F,MAIKA,MAYA,
F,MAINA,MAYA,
F,MALAK,MAYA,
F,MARIA,MAYA,
F,MARWA,MAYA,
F,MARY,MAYA,
F,MARYAM,MAYA,
F,MEAGAN,MEGAN,TRUE
F,LEANE,MEGANE,
F,MEAGAN,MEGANE,TRUE
F,MEGAN,MEGANE,TRUE
F,JEANNE,MEGANNE,
F,LEANNE,MEGANNE,
F,MEGAN,MEGANNE,TRUE
F,MEGANE,MEGANNE,TRUE
F,MAGGIE,MEGGIE,
F,MEGANE,MEGGIE,
F,MEAGAN,MEGHAN,TRUE
F,MEGAN,MEGHAN,TRUE
F,MEGANE,MEGHAN,TRUE
F,MEGANE,MELANIE,
F,MEGANNE,MELANIE,
F,ALIA,MELIA,
F,AMELIA,MELIA,
F,AMELIE,MELIA,
F,AMELYA,MELIA,
F,BELLA,MELIA,
F,CAMELIA,MELIA,
F,CELIA,MELIA,
F,DALIA,MELIA,
F,ELIA,MELIA,
F,ELIE,MELIA,
F,ELINA,MELIA,
F,ELISA,MELIA,
F,ELIZA,MELIA,
F,ELLA,MELIA,
F,ELSA,MELIA,
F,EMILIA,MELIA,
F,JULIA,MELIA,
F,LEIA,MELIA,
F,LIA,MELIA,
F,LILIA,MELIA,
F,MAELIE,MELIA,
F,MAIA,MELIA,
F,MALIKA,MELIA,
F,MARIA,MELIA,
F,CELINE,MELIANE,
F,ELIANA,MELIANE,
F,ELIANE,MELIANE,
F,ELIANNE,MELIANE,
F,ELYANE,MELIANE,
F,JULIANE,MELIANE,
F,LILIANE,MELIANE,
F,MARIANE,MELIANE,
F,MEGANE,MELIANE,
F,MELANIE,MELIANE,
F,MELIA,MELIANE,
F,ALINA,MELINA,
F,AMELIA,MELINA,
F,CELIA,MELINA,
F,CELINE,MELINA,
F,ELENA,MELINA,
F,ELIA,MELINA,
F,ELIANA,MELINA,
F,ELINA,MELINA,
F,ELISA,MELINA,
F,ELIZA,MELINA,
F,HELENA,MELINA,
F,LINA,MELINA,
F,MAINA,MELINA,
F,MALIKA,MELINA,
F,MARINA,MELINA,
F,MELIA,MELINA,
F,MELIANE,MELINA,
F,ELINA,MELINDA,
F,LINDA,MELINDA,
F,MELIA,MELINDA,
F,MELINA,MELINDA,
F,ALISSA,MELISSA,
F,ELISA,MELISSA,
F,ELISSA,MELISSA,
F,MARISSA,MELISSA,
F,MELIA,MELISSA,
F,MELINA,MELISSA,
F,MELINDA,MELISSA,
F,ELODIE,MELODIE,
F,MALORIE,MELODIE,
F,MELANIE,MELODIE,
F,ELODY,MELODY,
F,MELODIE,MELODY,TRUE
F,AMELYA,MELYNA,
F,ELENA,MELYNA,
F,ELINA,MELYNA,
F,HELENA,MELYNA,
F,LYNA,MELYNA,
F,MELIA,MELYNA,
F,MELINA,MELYNA,TRUE
F,MELINDA,MELYNA,
F,ALYSSA,MELYSSA,
F,ELISSA,MELYSSA,
F,MELISSA,MELYSSA,TRUE
F,MELYNA,MELYSSA,
F,MARIAM,MERIEM,
F,MARIE,MERIEM,
F,ALIA,MIA,
F,AMINA,MIA,
F,AMIRA,MIA,
F,ANA,MIA,
F,ARIA,MIA,
F,AVA,MIA,
F,AYA,MIA,
F,DINA,MIA,
F,ELIA,MIA,
F,EMIE,MIA,
F,EMMA,MIA,
F,EVA,MIA,
F,HIBA,MIA,
F,KIM,MIA,
F,LEA,MIA,
F,LEIA,MIA,
F,LIA,MIA,
F,LINA,MIA,
F,LISA,MIA,
F,LYA,MIA,
F,MAIA,MIA,
F,MAIKA,MIA,
F,MAINA,MIA,
F,MARIA,MIA,
F,MAYA,MIA,
F,MELIA,MIA,
F,MICHELE,MICHELLE,TRUE
F,AMINA,MILA,
F,AMIRA,MILA,
F,CAMILA,MILA,
F,DINA,MILA,
F,ELLA,MILA,
F,EMILIA,MILA,
F,EMILY,MILA,
F,HIBA,MILA,
F,LAILA,MILA,
F,LEILA,MILA,
F,LIA,MILA,
F,LILI,MILA,
F,LILIA,MILA,
F,LILY,MILA,
F,LILYA,MILA,
F,LINA,MILA,
F,LISA,MILA,
F,LOLA,MILA,
F,MAIA,MILA,
F,MAIKA,MILA,
F,MAINA,MILA,
F,MALAK,MILA,
F,MAYA,MILA,
F,MELIA,MILA,
F,MIA,MILA,
F,AMINA,MIRA,
F,AMIRA,MIRA,
F,DINA,MIRA,
F,HIBA,MIRA,
F,KIARA,MIRA,
F,KYRA,MIRA,
F,LARA,MIRA,
F,LIA,MIRA,
F,LINA,MIRA,
F,LISA,MIRA,
F,MAIA,MIRA,
F,MAIKA,MIRA,
F,MAINA,MIRA,
F,MARIA,MIRA,
F,MARWA,MIRA,
F,MARY,MIRA,
F,MAYA,MIRA,
F,MIA,MIRA,
F,MILA,MIRA,
F,MARIA,MIRIAM,
F,MARIAM,MIRIAM,
F,MARYAM,MIRIAM,
F,MERIEM,MIRIAM,
F,MIRA,MIRIAM,
F,KELLY,MOLLY,
F,MAELLY,MOLLY,
F,MAELY,MOLLY,
F,ANIKA,MONIKA,
F,DANIKA,MONIKA,
F,MAIKA,MONIKA,
F,MALIKA,MONIKA,
F,MARIKA,MONIKA,
F,MONICA,MONIKA,TRUE
F,JORDANE,MORGANE,
F,MARIANE,MORGANE,
F,MEGANE,MORGANE,
F,AMY,MYA,
F,ANA,MYA,
F,ANYA,MYA,
F,ARYA,MYA,
F,AVA,MYA,
F,AYA,MYA,
F,EMMA,MYA,
F,EMY,MYA,
F,EVA,MYA,
F,KYM,MYA,
F,KYRA,MYA,
F,LEA,MYA,
F,LIA,MYA,
F,LYA,MYA,
F,LYNA,MYA,
F,MAIA,MYA,
F,MAYA,MYA,
F,MIA,MYA,TRUE
F,MILA,MYA,
F,MIRA,MYA,
F,HELENE,MYLENE,
F,MARLENE,MYLENE,
F,MARYLENE,MYLENE,
F,MARIA,MYRIAM,
F,MARIAM,MYRIAM,
F,MARYAM,MYRIAM,
F,MERIEM,MYRIAM,
F,MIRIAM,MYRIAM,TRUE
F,ANA,NADA,
F,AVA,NADA,
F,AYA,NADA,
F,DANA,NADA,
F,HANA,NADA,
F,JADE,NADA,
F,JANA,NADA,
F,LANA,NADA,
F,LARA,NADA,
F,MAIA,NADA,
F,MAYA,NADA,
F,ALIA,NADIA,
F,ARIA,NADIA,
F,DALIA,NADIA,
F,DANIA,NADIA,
F,KATIA,NADIA,
F,LYDIA,NADIA,
F,MAIA,NADIA,
F,MARIA,NADIA,
F,NADA,NADIA,
F,ALINE,NADINE,
F,CARINE,NADINE,
F,KARINE,NADINE,
F,MARINE,NADINE,
F,NADIA,NADINE,
F,CAMILA,NAILA,
F,CARLA,NAILA,
F,KAYLA,NAILA,
F,LAILA,NAILA,
F,LAYLA,NAILA,
F,LEILA,NAILA,
F,MAIA,NAILA,
F,MAIKA,NAILA,
F,MAINA,NAILA,
F,MILA,NAILA,
F,NADA,NAILA,
F,NADIA,NAILA,
F,ASMA,NAIMA,
F,FATIMA,NAIMA,
F,LAILA,NAIMA,
F,MAIA,NAIMA,
F,MAIKA,NAIMA,
F,MAINA,NAIMA,
F,NADA,NAIMA,
F,NADIA,NAIMA,
F,NAILA,NAIMA,
F,FANNY,NANCY,
F,NAIMA,NAOMI,
F,JAMIE,NAOMIE,
F,NAOMI,NAOMIE,TRUE
F,AMY,NAOMY,
F,NAIMA,NAOMY,
F,NANCY,NAOMY,
F,NAOMI,NAOMY,TRUE
F,NAOMIE,NAOMY,TRUE
F,NATACHA,NATALIA,
F,MAGALIE,NATALIE,
F,NATALIA,NATALIE,
F,NATACHA,NATASHA,TRUE
F,NATALIA,NATASHA,
F,NATALIA,NATHALIE,
F,NATALIE,NATHALIE,TRUE
F,BILLIE,NELLIE,
F,ELIE,NELLIE,
F,ELLIE,NELLIE,
F,LESLIE,NELLIE,
F,BELLA,NELLY,
F,ELLA,NELLY,
F,KELLY,NELLY,
F,MAELLY,NELLY,
F,MOLLY,NELLY,
F,NELLIE,NELLY,TRUE
F,ALINA,NINA,
F,AMINA,NINA,
F,ANA,NINA,
F,ANIKA,NINA,
F,ANITA,NINA,
F,ANNA,NINA,
F,DANA,NINA,
F,DIANA,NINA,
F,DINA,NINA,
F,ELINA,NINA,
F,FIONA,NINA,
F,HANA,NINA,
F,HIBA,NINA,
F,JANA,NINA,
F,KIANA,NINA,
F,LANA,NINA,
F,LENA,NINA,
F,LIA,NINA,
F,LIANA,NINA,
F,LINA,NINA,
F,LINDA,NINA,
F,LISA,NINA,
F,LUNA,NINA,
F,LYNA,NINA,
F,MAINA,NINA,
F,MIA,NINA,
F,MILA,NINA,
F,MIRA,NINA,
F,NADA,NINA,
F,NAILA,NINA,
F,NAIMA,NINA,
F,ADELIE,NOELIE,
F,AMELIE,NOELIE,
F,ANGELIE,NOELIE,
F,ELIE,NOELIE,
F,JOELLE,NOELIE,
F,MAELIE,NOELIE,
F,NELLIE,NOELIE,
F,NAOMI,NOEMI,
F,NOELIE,NOEMI,
F,EMIE,NOEMIE,
F,NAOMIE,NOEMIE,
F,NOELIE,NOEMIE,
F,NOEMI,NOEMIE,TRUE
F,EMY,NOEMY,
F,NAOMY,NOEMY,
F,NOEMI,NOEMY,TRUE
F,NOEMIE,NOEMY,TRUE
F,FLORA,NORA,
F,KYRA,NORA,
F,LARA,NORA,
F,LOLA,NORA,
F,LORI,NORA,
F,LORY,NORA,
F,MIRA,NORA,
F,NADA,NORA,
F,NINA,NORA,
F,FARAH,NORAH,
F,NORA,NORAH,TRUE
F,ANOUK,NOUR,
F,LOU,NOUR,
F,NORA,NOUR,
F,LEANE,OCEANE,
F,JEANNE,OCEANNE,
F,LEANNE,OCEANNE,
F,OCEANE,OCEANNE,TRUE
F,ALICIA,OLIVIA,
F,LILIA,OLIVIA,
F,LIVIA,OLIVIA,
F,LYVIA,OLIVIA,
F,OPHELIA,OPHELIE,
F,AMELIA,PAMELA,
F,AMELY,PAMELA,
F,AMELYA,PAMELA,
F,CAMELIA,PAMELA,
F,CAMILA,PAMELA,
F,MICHELLE,RACHELLE,
F,RACHEL,RACHELLE,TRUE
F,ANAELLE,RAFAELLE,
F,RACHELLE,RAFAELLE,
F,ALIA,RANIA,
F,ANA,RANIA,
F,ANIK,RANIA,
F,ANIKA,RANIA,
F,ANITA,RANIA,
F,ANNA,RANIA,
F,ANYA,RANIA,
F,ARIA,RANIA,
F,DALIA,RANIA,
F,DANA,RANIA,
F,DANIA,RANIA,
F,DANIKA,RANIA,
F,HANA,RANIA,
F,HANNA,RANIA,
F,JANA,RANIA,
F,JANIE,RANIA,
F,KATIA,RANIA,
F,LANA,RANIA,
F,MAIA,RANIA,
F,MARIA,RANIA,
F,NADIA,RANIA,
F,RACHELLE,RAPHAELLE,
F,RAFAELLE,RAPHAELLE,TRUE
F,REBECCA,REBEKA,TRUE
F,HAILEY,RILEY,
F,LILY,RILEY,
F,ARIA,RIM,
F,ERIN,RIM,
F,IRIS,RIM,
F,KIM,RIM,
F,KYM,RIM,
F,LIA,RIM,
F,MIA,RIM,
F,ANITA,RITA,
F,ARIA,RITA,
F,DINA,RITA,
F,ERICA,RITA,
F,ERIKA,RITA,
F,HIBA,RITA,
F,LIA,RITA,
F,LINA,RITA,
F,LISA,RITA,
F,MIA,RITA,
F,MILA,RITA,
F,MIRA,RITA,
F,NINA,RITA,
F,RIM,RITA,
F,IMANE,ROMANE,
F,EMIE,ROMIE,
F,JAMIE,ROMIE,
F,LORIE,ROMIE,
F,NAOMIE,ROMIE,
F,NOEMIE,ROMIE,
F,ROMANE,ROMIE,
F,AMY,ROMY,
F,EMMY,ROMY,
F,EMY,ROMY,
F,LORY,ROMY,
F,NAOMY,ROMY,
F,NOEMY,ROMY,
F,RIM,ROMY,
F,ROMIE,ROMY,TRUE
F,CORALIE,ROSALIE,
F,KORALIE,ROSALIE,
F,CORALY,ROSALY,
F,KORALY,ROSALY,
F,ROSALIE,ROSALY,TRUE
F,HOPE,ROSE,
F,JOSEE,ROSE,
F,ROMIE,ROSE,
F,ROMY,ROSE,
F,ROSALIE,ROSELINE,
F,ROSE MARIE,ROSEMARIE,TRUE
F,JOSEE,ROSIE,
F,LORIE,ROSIE,
F,ROMIE,ROSIE,
F,ROSALIE,ROSIE,
F,ROSE,ROSIE,
F,ROMANE,ROXANE,
F,JOHANNE,ROXANNE,
F,ROMANE,ROXANNE,
F,ROXANE,ROXANNE,TRUE
F,ABBY,RUBY,
F,JUDY,RUBY,
F,LUCY,RUBY,
F,ROMY,RUBY,
F,KARINA,SABRINA,
F,KATRINA,SABRINA,
F,MARINA,SABRINA,
F,SABRINA,SABRYNA,TRUE
F,AICHA,SACHA,
F,ALIA,SALMA,
F,ASMA,SALMA,
F,DALIA,SALMA,
F,NAIMA,SALMA,
F,SACHA,SALMA,
F,SALMA,SALOME,
F,ALIA,SAMIA,
F,AMINA,SAMIA,
F,AMIRA,SAMIA,
F,ARIA,SAMIA,
F,CAMILA,SAMIA,
F,DALIA,SAMIA,
F,DANIA,SAMIA,
F,JAMIE,SAMIA,
F,KATIA,SAMIA,
F,MAIA,SAMIA,
F,MARIA,SAMIA,
F,MIA,SAMIA,
F,NADIA,SAMIA,
F,RANIA,SAMIA,
F,SACHA,SAMIA,
F,SALMA,SAMIA,
F,ANDREA,SANDRA,
F,KASANDRA,SANDRA,
F,CINDY,SANDY,
F,FANNY,SANDY,
F,NANCY,SANDY,
F,SANDRA,SANDY,
F,ANA,SARA,
F,ARIA,SARA,
F,ARYA,SARA,
F,AVA,SARA,
F,AYA,SARA,
F,CARLA,SARA,
F,CLARA,SARA,
F,DANA,SARA,
F,FARAH,SARA,
F,HANA,SARA,
F,JANA,SARA,
F,KIARA,SARA,
F,KYRA,SARA,
F,LANA,SARA,
F,LARA,SARA,
F,LAURA,SARA,
F,MAIA,SARA,
F,MARIA,SARA,
F,MARWA,SARA,
F,MARY,SARA,
F,MAYA,SARA,
F,MIRA,SARA,
F,NADA,SARA,
F,NORA,SARA,
F,SACHA,SARA,
F,SALMA,SARA,
F,SAMIA,SARA,
F,SANDRA,SARA,
F,FARAH,SARAH,
F,LARA,SARAH,
F,NORAH,SARAH,
F,SARA,SARAH,TRUE
F,SARA EVE,SARAH EVE,TRUE
F,SARAH JADE,SARAH MAUDE,
F,SARAH MAUDE,SARA MAUDE,TRUE
F,AISHA,SASHA,
F,ASMA,SASHA,
F,SACHA,SASHA,TRUE
F,SALMA,SASHA,
F,SAMIA,SASHA,
F,SARA,SASHA,
F,ELENA,SELENA,
F,ELINA,SELENA,
F,HELENA,SELENA,
F,HELENE,SELENA,
F,LENA,SELENA,
F,MELINA,SELENA,
F,MELYNA,SELENA,
F,BELLA,SELMA,
F,CELIA,SELMA,
F,ELIA,SELMA,
F,ELLA,SELMA,
F,ELSA,SELMA,
F,EMMA,SELMA,
F,MELIA,SELMA,
F,SALMA,SELMA,
F,SELENA,SELMA,
F,ELENA,SERENA,
F,HELENA,SERENA,
F,SELENA,SERENA,
F,ANA,SHANA,
F,DANA,SHANA,
F,DIANA,SHANA,
F,HANA,SHANA,
F,HANNA,SHANA,
F,JANA,SHANA,
F,KIANA,SHANA,
F,LANA,SHANA,
F,LEANA,SHANA,
F,LIANA,SHANA,
F,LYANA,SHANA,
F,SARA,SHANA,
F,HANA,SHANY,
F,JOANY,SHANY,
F,SANDY,SHANY,
F,SHANA,SHANY,
F,JENNA,SIENNA,
F,IMANE,SIMONE,
F,CINDY,SINDY,TRUE
F,LINDA,SINDY,
F,SANDY,SINDY,
F,CARINE,SIRINE,
F,KARINE,SIRINE,
F,MARINE,SIRINE,
F,SIMONE,SIRINE,
F,SAMIA,SOFIA,
F,DANIA,SONIA,
F,MONICA,SONIA,
F,MONIKA,SONIA,
F,RANIA,SONIA,
F,SAMIA,SONIA,
F,SOFIA,SONIA,
F,SOFIA,SOPHIA,TRUE
F,SONIA,SOPHIA,
F,SOPHIA,SOPHIE,
F,SHANY,STACY,
F,STACEY,STACY,TRUE
F,BELLA,STELLA,
F,ELLA,STELLA,
F,ESTELLE,STELLA,
F,SELMA,STELLA,
F,STEFANIE,STEPHANIE,TRUE
F,STEPHANIE,STEPHANY,TRUE
F,JULIE,SUZIE,
F,LUCIE,SUZIE,
F,KYLIE,SYLVIE,
F,ALIA,TALIA,
F,ALINA,TALIA,
F,ALIX,TALIA,
F,ARIA,TALIA,
F,CELIA,TALIA,
F,DAHLIA,TALIA,
F,DALIA,TALIA,
F,DANIA,TALIA,
F,ELIA,TALIA,
F,JULIA,TALIA,
F,KATIA,TALIA,
F,LIA,TALIA,
F,LILIA,TALIA,
F,MAIA,TALIA,
F,MALIKA,TALIA,
F,MARIA,TALIA,
F,MELIA,TALIA,
F,NADIA,TALIA,
F,NATALIA,TALIA,
F,RANIA,TALIA,
F,SALMA,TALIA,
F,SAMIA,TALIA,
F,AMIRA,TAMARA,
F,AMY,TAMMY,
F,EMMY,TAMMY,
F,NAOMY,TAMMY,
F,ALIA,TANIA,
F,ANA,TANIA,
F,ANIK,TANIA,
F,ANIKA,TANIA,
F,ANITA,TANIA,
F,ANNA,TANIA,
F,ANYA,TANIA,
F,ARIA,TANIA,
F,DALIA,TANIA,
F,DANA,TANIA,
F,DANIA,TANIA,
F,DANIKA,TANIA,
F,HANA,TANIA,
F,HANNA,TANIA,
F,JANA,TANIA,
F,JANIE,TANIA,
F,KATIA,TANIA,
F,LANA,TANIA,
F,MAIA,TANIA,
F,MARIA,TANIA,
F,NADIA,TANIA,
F,RANIA,TANIA,
F,SAMIA,TANIA,
F,SONIA,TANIA,
F,TALIA,TANIA,
F,ANA,TANYA,
F,ANNA,TANYA,
F,ANYA,TANYA,
F,ARYA,TANYA,
F,AYA,TANYA,
F,DANA,TANYA,
F,DANIA,TANYA,
F,HANA,TANYA,
F,HANNA,TANYA,
F,JANA,TANYA,
F,LANA,TANYA,
F,MAYA,TANYA,
F,RANIA,TANYA,
F,TALIA,TANYA,
F,TANIA,TANYA,TRUE
F,ANA,TARA,
F,ARIA,TARA,
F,ARYA,TARA,
F,AVA,TARA,
F,AYA,TARA,
F,CARLA,TARA,
F,CLARA,TARA,
F,DANA,TARA,
F,FARAH,TARA,
F,HANA,TARA,
F,JANA,TARA,
F,KIARA,TARA,
F,KYRA,TARA,
F,LANA,TARA,
F,LARA,TARA,
F,LAURA,TARA,
F,MAIA,TARA,
F,MARIA,TARA,
F,MARWA,TARA,
F,MARY,TARA,
F,MAYA,TARA,
F,MIRA,TARA,
F,NADA,TARA,
F,NORA,TARA,
F,SARA,TARA,
F,SARAH,TARA,
F,TALIA,TARA,
F,TAMARA,TARA,
F,TANIA,TARA,
F,TANYA,TARA,
F,ARIANA,TATIANA,
F,MARIANA,TATIANA,
F,ELSA,TESSA,
F,JESSY,TESSA,
F,ALIA,THALIA,
F,DALIA,THALIA,
F,TALIA,THALIA,TRUE
F,TANIA,THALIA,
F,CHARLIE,THALIE,
F,NATHALIE,THALIE,
F,TALIA,THALIE,
F,THALIA,THALIE,
F,ATHENA,THEA,
F,LEA,THEA,
F,TARA,THEA,
F,ALINA,TINA,
F,AMINA,TINA,
F,ANA,TINA,
F,ANNA,TINA,
F,DANA,TINA,
F,DIANA,TINA,
F,DINA,TINA,
F,ELINA,TINA,
F,FIONA,TINA,
F,HANA,TINA,
F,HIBA,TINA,
F,JANA,TINA,
F,KIANA,TINA,
F,LANA,TINA,
F,LENA,TINA,
F,LIA,TINA,
F,LIANA,TINA,
F,LINA,TINA,
F,LINDA,TINA,
F,LISA,TINA,
F,LUNA,TINA,
F,LYNA,TINA,
F,MAINA,TINA,
F,MIA,TINA,
F,MILA,TINA,
F,MIRA,TINA,
F,NINA,TINA,
F,RITA,TINA,
F,TANIA,TINA,
F,TANYA,TINA,
F,TARA,TINA,
F,THEA,TINA,
F,GRACE,TRACY,
F,STACY,TRACY,
F,ALEXIA,VALERIA,
F,ALEXIE,VALERIE,
F,MALORIE,VALERIE,
F,VALERIA,VALERIE,
F,VALERIA,VALERY,
F,VALERIE,VALERY,TRUE
F,VICKI,VICKIE,TRUE
F,VICKI,VICKY,TRUE
F,VICKIE,VICKY,TRUE
F,LILIANE,VIVIANE,
F,LILIANNE,VIVIANNE,
F,VIVIANE,VIVIANNE,TRUE
F,CINDY,WENDY,
F,JENNY,WENDY,
F,SANDY,WENDY,
F,SINDY,WENDY,
F,ANA,YARA,
F,ARIA,YARA,
F,ARYA,YARA,
F,AVA,YARA,
F,AYA,YARA,
F,CARLA,YARA,
F,CLARA,YARA,
F,DANA,YARA,
F,FARAH,YARA,
F,HANA,YARA,
F,JANA,YARA,
F,KIARA,YARA,
F,KYRA,YARA,
F,LANA,YARA,
F,LARA,YARA,
F,LAURA,YARA,
F,LYANA,YARA,
F,MAIA,YARA,
F,MARIA,YARA,
F,MARWA,YARA,
F,MARY,YARA,
F,MAYA,YARA,
F,MIRA,YARA,
F,NADA,YARA,
F,NORA,YARA,
F,SARA,YARA,
F,SARAH,YARA,
F,TARA,YARA,
F,AMINA,YASMINA,
F,JASMINE,YASMINA,
F,JASMINE,YASMINE,
F,YASMINA,YASMINE,
F,LARA,ZAHRA,
F,LAURA,ZAHRA,
F,SARA,ZAHRA,
F,TARA,ZAHRA,
F,YARA,ZAHRA,
F,ANA,ZARA,
F,ARIA,ZARA,
F,ARYA,ZARA,
F,AVA,ZARA,
F,AYA,ZARA,
F,CARLA,ZARA,
F,CLARA,ZARA,
F,DANA,ZARA,
F,FARAH,ZARA,
F,HANA,ZARA,
F,JANA,ZARA,
F,KIARA,ZARA,
F,KYRA,ZARA,
F,LANA,ZARA,
F,LARA,ZARA,
F,LAURA,ZARA,
F,MAIA,ZARA,
F,MARIA,ZARA,
F,MARWA,ZARA,
F,MARY,ZARA,
F,MAYA,ZARA,
F,MIRA,ZARA,
F,NADA,ZARA,
F,NORA,ZARA,
F,SARA,ZARA,
F,SARAH,ZARA,
F,TARA,ZARA,
F,YARA,ZARA,
F,ZAHRA,ZARA,TRUE
F,INES,ZINEB,
F,CLOE,ZOE,
F,EVE,ZOE,
F,HOPE,ZOE,
F,KLOE,ZOE,
F,LOU,ZOE,
F,ROSE,ZOE,
F,ADELIE,ZOELIE,
F,AMELIE,ZOELIE,
F,ELIE,ZOELIE,
F,JOELLE,ZOELIE,
F,MAELIE,ZOELIE,
F,NOELIE,ZOELIE,
F,NOEMIE,ZOELIE,
F,LORY,ZOEY,
F,NOEMY,ZOEY,
F,ROMY,ZOEY,
F,ZOE,ZOEY,TRUE